Number,Legs,Wings,Length,Height,Environment,Classification
1,2,2,196,62,water,Drake
2,4,6,128,67,volcanoes,Dragon
3,4,4,128,94,cave,Dragon
4,0,0,217,65,water,Serpent
5,4,2,197,50,desert,Drake
6,4,2,207,68,desert,Drake
7,4,0,220,76,water,Serpent
8,4,4,134,73,cave,Dragon
9,4,0,218,54,swamp,Serpent
10,2,4,141,191,volcanoes,Wyvern
11,4,2,133,78,cave,Dragon
12,4,6,135,98,cave,Dragon
13,4,2,174,74,cave,Dragon
14,2,2,118,195,volcanoes,Wyvern
15,4,6,174,68,volcanoes,Dragon
16,4,2,199,70,water,Drake
17,0,2,288,121,air,Flying Serpent
18,4,6,125,75,volcanoes,Dragon
19,4,0,230,53,air,Serpent
20,0,4,276,114,air,Flying Serpent
21,4,6,145,89,cave,Dragon
22,2,4,126,198,volcanoes,Wyvern
23,0,2,264,116,air,Flying Serpent
24,4,6,163,73,cave,Dragon
25,4,0,320,48,cave,Wyrm
26,2,4,137,214,volcanoes,Wyvern
27,0,4,268,118,air,Flying Serpent
28,0,4,297,100,air,Flying Serpent
29,4,2,191,54,volcanoes,Drake
30,4,0,318,38,cave,Wyrm
31,0,0,237,55,woods,Serpent
32,4,2,138,90,mountain,Dragon
33,4,0,224,62,swamp,Serpent
34,4,4,150,70,mountain,Dragon
35,4,0,343,38,cave,Wyrm
36,4,0,304,46,swamp,Wyrm
37,4,0,314,42,swamp,Wyrm
38,4,0,308,45,cave,Wyrm
39,2,2,187,54,water,Drake
40,4,6,148,99,mountain,Dragon
41,2,2,121,183,volcanoes,Wyvern
42,0,4,276,100,air,Flying Serpent
43,4,2,212,62,water,Drake
44,0,0,246,61,water,Serpent
45,0,0,240,74,woods,Serpent
46,4,0,235,61,air,Serpent
47,0,4,260,115,air,Flying Serpent
48,4,0,215,77,woods,Serpent
49,2,2,127,224,volcanoes,Wyvern
50,4,2,208,69,desert,Drake
51,4,2,143,66,mountain,Dragon
52,2,4,140,177,volcanoes,Wyvern
53,4,0,216,52,water,Serpent
54,0,4,285,121,air,Flying Serpent
55,4,4,169,67,mountain,Dragon
56,0,0,232,77,water,Serpent
57,4,2,214,55,water,Drake
58,2,2,193,54,desert,Drake
59,4,0,239,51,water,Serpent
60,4,4,142,66,cave,Dragon
61,2,2,129,210,volcanoes,Wyvern
62,4,6,159,66,cave,Dragon
63,4,2,199,53,desert,Drake
64,0,0,244,68,water,Serpent
65,4,0,339,38,swamp,Wyrm
66,4,0,321,44,swamp,Wyrm
67,4,4,164,83,mountain,Dragon
68,0,2,261,124,air,Flying Serpent
69,0,0,216,64,air,Serpent
70,4,0,317,39,cave,Wyrm
71,4,0,305,43,swamp,Wyrm
72,2,2,192,62,volcanoes,Drake
73,0,2,308,117,air,Flying Serpent
74,2,2,138,216,volcanoes,Wyvern
75,4,0,305,40,swamp,Wyrm
76,4,0,308,40,swamp,Wyrm
77,4,2,157,69,volcanoes,Dragon
78,0,2,270,103,air,Flying Serpent
79,4,0,335,41,swamp,Wyrm
80,0,4,304,114,air,Flying Serpent
81,4,2,198,61,desert,Drake
82,0,0,240,52,air,Serpent
83,0,0,243,78,woods,Serpent
84,4,0,247,77,water,Serpent
85,0,4,251,101,air,Flying Serpent
86,4,6,129,79,volcanoes,Dragon
87,4,6,169,88,cave,Dragon
88,0,2,309,115,air,Flying Serpent
89,4,0,316,45,cave,Wyrm
90,4,0,310,37,cave,Wyrm
91,4,0,298,35,swamp,Wyrm
92,0,4,270,101,air,Flying Serpent
93,2,2,122,223,volcanoes,Wyvern
94,4,0,344,37,cave,Wyrm
95,2,2,209,61,desert,Drake
96,4,0,301,44,cave,Wyrm
97,4,2,186,73,desert,Drake
98,0,4,305,124,air,Flying Serpent
99,4,4,163,86,volcanoes,Dragon
100,2,2,213,51,water,Drake
101,4,2,218,70,water,Drake
102,4,0,339,44,cave,Wyrm
103,4,6,173,74,volcanoes,Dragon
104,2,4,149,186,volcanoes,Wyvern
105,0,0,218,70,air,Serpent
106,0,0,226,73,woods,Serpent
107,2,2,221,66,water,Drake
108,2,2,221,70,water,Drake
109,0,0,235,58,woods,Serpent
110,2,2,224,52,water,Drake
111,4,2,217,73,water,Drake
112,4,2,128,80,volcanoes,Dragon
113,4,0,310,41,swamp,Wyrm
114,0,2,272,119,air,Flying Serpent
115,2,2,129,187,volcanoes,Wyvern
116,2,2,136,210,volcanoes,Wyvern
117,0,4,295,117,air,Flying Serpent
118,4,2,203,52,water,Drake
119,2,2,124,217,volcanoes,Wyvern
120,4,0,247,76,water,Serpent
121,4,0,316,40,cave,Wyrm
122,4,0,344,40,cave,Wyrm
123,0,2,289,108,air,Flying Serpent
124,4,0,244,60,woods,Serpent
125,0,4,293,108,air,Flying Serpent
126,4,0,243,58,swamp,Serpent
127,0,4,277,113,air,Flying Serpent
128,4,2,189,62,water,Drake
129,4,0,341,39,swamp,Wyrm
130,4,0,215,77,swamp,Serpent
131,2,4,131,203,volcanoes,Wyvern
132,0,0,224,53,air,Serpent
133,0,0,215,52,water,Serpent
134,4,0,315,37,swamp,Wyrm
135,0,4,299,108,air,Flying Serpent
136,4,6,125,66,mountain,Dragon
137,0,0,248,75,air,Serpent
138,4,6,161,95,mountain,Dragon
139,4,2,221,69,water,Drake
140,2,2,126,213,volcanoes,Wyvern
141,4,0,325,40,cave,Wyrm
142,4,0,234,53,water,Serpent
143,4,0,222,59,air,Serpent
144,4,2,214,63,volcanoes,Drake
145,0,4,306,102,air,Flying Serpent
146,0,0,237,64,air,Serpent
147,0,2,271,107,air,Flying Serpent
148,4,0,336,45,cave,Wyrm
149,4,2,216,73,water,Drake
150,0,2,312,119,air,Flying Serpent
151,4,4,169,71,volcanoes,Dragon
152,0,2,255,103,air,Flying Serpent
153,2,2,128,204,volcanoes,Wyvern
154,4,0,244,61,woods,Serpent
155,4,0,324,35,swamp,Wyrm
156,4,6,150,89,volcanoes,Dragon
157,0,0,235,63,swamp,Serpent
158,0,2,284,102,air,Flying Serpent
159,4,4,128,75,volcanoes,Dragon
160,4,6,135,73,cave,Dragon
161,4,2,207,58,water,Drake
162,4,0,319,46,cave,Wyrm
163,4,0,232,55,water,Serpent
164,2,2,128,183,volcanoes,Wyvern
165,4,0,315,44,cave,Wyrm
166,2,4,118,201,volcanoes,Wyvern
167,4,0,227,58,air,Serpent
168,0,4,258,113,air,Flying Serpent
169,0,2,274,120,air,Flying Serpent
170,4,0,316,48,swamp,Wyrm
171,4,0,227,79,air,Serpent
172,4,6,145,84,volcanoes,Dragon
173,4,0,322,38,cave,Wyrm
174,4,0,238,75,air,Serpent
175,0,0,219,55,water,Serpent
176,0,0,233,55,swamp,Serpent
177,4,0,342,38,cave,Wyrm
178,2,4,129,221,volcanoes,Wyvern
179,4,0,343,44,swamp,Wyrm
180,4,2,202,74,water,Drake
181,0,2,251,114,air,Flying Serpent
182,2,4,136,189,volcanoes,Wyvern
183,4,0,225,62,swamp,Serpent
184,2,4,135,191,volcanoes,Wyvern
185,0,0,234,75,air,Serpent
186,4,2,186,68,desert,Drake
187,4,0,316,43,cave,Wyrm
188,4,6,126,93,mountain,Dragon
189,0,4,311,101,air,Flying Serpent
190,2,2,202,54,volcanoes,Drake
191,2,2,149,193,volcanoes,Wyvern
192,0,0,220,69,water,Serpent
193,0,2,260,101,air,Flying Serpent
194,0,0,243,64,woods,Serpent
195,0,0,239,76,woods,Serpent
196,0,2,311,107,air,Flying Serpent
197,0,4,278,116,air,Flying Serpent
198,0,0,236,68,water,Serpent
199,0,0,241,50,air,Serpent
200,4,0,295,38,swamp,Wyrm
201,2,4,130,198,volcanoes,Wyvern
202,4,6,174,69,mountain,Dragon
203,2,4,148,207,volcanoes,Wyvern
204,4,2,160,76,mountain,Dragon
205,4,0,249,67,water,Serpent
206,0,2,295,116,air,Flying Serpent
207,2,4,124,176,volcanoes,Wyvern
208,0,2,263,100,air,Flying Serpent
209,4,4,146,82,volcanoes,Dragon
210,4,0,221,78,swamp,Serpent
211,4,0,301,38,swamp,Wyrm
212,2,4,135,223,volcanoes,Wyvern
213,2,2,207,61,volcanoes,Drake
214,0,4,292,113,air,Flying Serpent
215,0,4,311,110,air,Flying Serpent
216,4,0,331,39,cave,Wyrm
217,4,0,341,49,swamp,Wyrm
218,0,2,290,103,air,Flying Serpent
219,4,0,223,52,woods,Serpent
220,0,2,283,119,air,Flying Serpent
221,2,2,139,180,volcanoes,Wyvern
222,0,2,296,123,air,Flying Serpent
223,0,0,239,73,air,Serpent
224,4,0,326,46,cave,Wyrm
225,0,2,274,111,air,Flying Serpent
226,2,4,141,176,volcanoes,Wyvern
227,0,0,245,50,water,Serpent
228,4,0,216,62,water,Serpent
229,4,0,323,49,swamp,Wyrm
230,2,2,219,74,water,Drake
231,4,0,321,37,swamp,Wyrm
232,0,0,231,72,swamp,Serpent
233,4,4,164,86,mountain,Dragon
234,4,6,152,77,cave,Dragon
235,4,6,140,86,mountain,Dragon
236,2,4,134,204,volcanoes,Wyvern
237,0,4,292,109,air,Flying Serpent
238,4,0,319,40,swamp,Wyrm
239,4,2,160,78,volcanoes,Dragon
240,4,0,221,60,water,Serpent
241,4,0,307,42,swamp,Wyrm
242,0,2,303,114,air,Flying Serpent
243,4,2,198,57,desert,Drake
244,2,4,145,177,volcanoes,Wyvern
245,0,0,233,65,water,Serpent
246,2,2,134,185,volcanoes,Wyvern
247,4,2,224,58,water,Drake
248,2,2,193,74,desert,Drake
249,4,0,304,43,swamp,Wyrm
250,0,4,296,116,air,Flying Serpent
251,0,0,227,65,woods,Serpent
252,4,0,248,75,water,Serpent
253,0,2,300,115,air,Flying Serpent
254,0,4,287,101,air,Flying Serpent
255,0,0,236,74,swamp,Serpent
256,4,0,304,44,cave,Wyrm
257,0,0,237,66,woods,Serpent
258,4,0,218,60,water,Serpent
259,4,2,190,69,desert,Drake
260,4,0,336,43,swamp,Wyrm
261,4,0,230,72,air,Serpent
262,0,2,301,121,air,Flying Serpent
263,4,4,155,76,mountain,Dragon
264,4,0,316,41,cave,Wyrm
265,0,2,300,123,air,Flying Serpent
266,4,0,324,35,swamp,Wyrm
267,4,0,218,79,air,Serpent
268,2,2,140,184,volcanoes,Wyvern
269,4,0,323,44,cave,Wyrm
270,2,2,140,175,volcanoes,Wyvern
271,4,0,303,37,cave,Wyrm
272,4,0,245,50,water,Serpent
273,2,4,133,206,volcanoes,Wyvern
274,0,4,314,114,air,Flying Serpent
275,4,0,225,74,water,Serpent
276,0,2,280,116,air,Flying Serpent
277,2,2,123,179,volcanoes,Wyvern
278,2,4,135,181,volcanoes,Wyvern
279,2,4,123,210,volcanoes,Wyvern
280,4,0,335,44,cave,Wyrm
281,0,0,242,63,swamp,Serpent
282,2,2,218,61,desert,Drake
283,4,0,227,69,air,Serpent
284,2,4,148,200,volcanoes,Wyvern
285,4,0,324,39,cave,Wyrm
286,4,6,174,65,mountain,Dragon
287,2,2,147,175,volcanoes,Wyvern
288,2,2,221,72,desert,Drake
289,0,4,310,105,air,Flying Serpent
290,2,2,204,60,volcanoes,Drake
291,4,0,228,50,water,Serpent
292,4,6,130,95,cave,Dragon
293,0,4,267,107,air,Flying Serpent
294,4,6,154,65,mountain,Dragon
295,4,0,237,70,woods,Serpent
296,4,0,228,62,woods,Serpent
297,4,0,307,45,swamp,Wyrm
298,2,4,141,213,volcanoes,Wyvern
299,2,2,206,57,desert,Drake
300,4,6,144,78,mountain,Dragon
301,0,2,290,119,air,Flying Serpent
302,4,6,126,66,mountain,Dragon
303,4,4,154,71,cave,Dragon
304,2,4,139,196,volcanoes,Wyvern
305,0,2,314,100,air,Flying Serpent
306,2,2,189,54,desert,Drake
307,0,4,299,121,air,Flying Serpent
308,2,4,115,219,volcanoes,Wyvern
309,4,0,241,58,woods,Serpent
310,0,0,246,58,air,Serpent
311,4,0,218,74,swamp,Serpent
312,0,4,308,112,air,Flying Serpent
313,2,4,129,196,volcanoes,Wyvern
314,2,4,124,221,volcanoes,Wyvern
315,0,2,303,118,air,Flying Serpent
316,4,0,342,48,cave,Wyrm
317,0,0,248,56,swamp,Serpent
318,4,2,206,59,desert,Drake
319,2,2,200,57,water,Drake
320,2,2,223,61,water,Drake
321,4,4,169,65,mountain,Dragon
322,0,0,223,53,swamp,Serpent
323,2,2,133,216,volcanoes,Wyvern
324,4,2,198,60,water,Drake
325,2,2,203,69,desert,Drake
326,0,2,297,118,air,Flying Serpent
327,0,2,293,123,air,Flying Serpent
328,2,4,145,177,volcanoes,Wyvern
329,4,0,310,41,swamp,Wyrm
330,2,4,118,191,volcanoes,Wyvern
331,4,6,156,65,volcanoes,Dragon
332,2,2,140,195,volcanoes,Wyvern
333,4,2,157,87,cave,Dragon
334,0,0,237,78,water,Serpent
335,4,2,132,96,volcanoes,Dragon
336,2,2,221,50,desert,Drake
337,2,2,117,188,volcanoes,Wyvern
338,4,2,165,70,volcanoes,Dragon
339,4,0,343,45,cave,Wyrm
340,0,4,289,105,air,Flying Serpent
341,0,0,215,65,swamp,Serpent
342,4,0,300,40,swamp,Wyrm
343,2,2,134,192,volcanoes,Wyvern
344,2,2,201,52,water,Drake
345,2,2,223,53,water,Drake
346,4,0,329,35,swamp,Wyrm
347,0,2,271,119,air,Flying Serpent
348,2,4,141,207,volcanoes,Wyvern
349,4,2,188,62,volcanoes,Drake
350,4,2,201,57,water,Drake
351,4,0,229,77,swamp,Serpent
352,4,0,344,35,swamp,Wyrm
353,0,0,226,65,woods,Serpent
354,4,6,138,88,mountain,Dragon
355,2,4,140,188,volcanoes,Wyvern
356,4,6,141,86,mountain,Dragon
357,2,2,136,178,volcanoes,Wyvern
358,0,4,285,123,air,Flying Serpent
359,4,4,155,71,mountain,Dragon
360,4,2,212,59,desert,Drake
361,4,0,321,36,cave,Wyrm
362,2,2,140,204,volcanoes,Wyvern
363,4,0,223,77,swamp,Serpent
364,0,4,302,120,air,Flying Serpent
365,2,2,123,183,volcanoes,Wyvern
366,4,0,335,46,cave,Wyrm
367,0,2,261,107,air,Flying Serpent
368,0,0,215,66,swamp,Serpent
369,2,2,215,72,desert,Drake
370,4,4,145,91,cave,Dragon
371,2,2,198,73,water,Drake
372,4,0,242,73,air,Serpent
373,0,0,234,67,swamp,Serpent
374,0,2,261,113,air,Flying Serpent
375,0,4,251,104,air,Flying Serpent
376,0,4,279,113,air,Flying Serpent
377,4,2,156,68,volcanoes,Dragon
378,2,4,133,219,volcanoes,Wyvern
379,4,0,341,45,swamp,Wyrm
380,4,0,318,43,cave,Wyrm
381,0,0,219,69,air,Serpent
382,0,4,287,107,air,Flying Serpent
383,4,0,232,51,water,Serpent
384,4,0,228,61,swamp,Serpent
385,4,0,332,35,swamp,Wyrm
386,2,2,209,69,desert,Drake
387,0,2,278,99,air,Flying Serpent
388,2,2,127,203,volcanoes,Wyvern
389,2,2,146,210,volcanoes,Wyvern
390,0,2,271,101,air,Flying Serpent
391,0,4,296,103,air,Flying Serpent
392,4,4,130,73,volcanoes,Dragon
393,0,4,306,105,air,Flying Serpent
394,2,2,141,215,volcanoes,Wyvern
395,0,2,280,109,air,Flying Serpent
396,0,0,231,62,water,Serpent
397,0,4,305,100,air,Flying Serpent
398,4,6,131,95,cave,Dragon
399,4,0,311,47,swamp,Wyrm
400,2,2,125,219,volcanoes,Wyvern
401,2,4,143,190,volcanoes,Wyvern
402,0,4,278,110,air,Flying Serpent
403,4,0,324,44,cave,Wyrm
404,2,2,133,203,volcanoes,Wyvern
405,2,2,221,56,volcanoes,Drake
406,4,6,131,71,mountain,Dragon
407,4,4,151,96,volcanoes,Dragon
408,4,0,228,53,woods,Serpent
409,4,2,195,73,water,Drake
410,4,6,162,81,cave,Dragon
411,4,0,299,39,swamp,Wyrm
412,4,0,215,76,air,Serpent
413,4,0,309,41,swamp,Wyrm
414,4,0,341,47,cave,Wyrm
415,0,4,262,108,air,Flying Serpent
416,4,0,313,45,swamp,Wyrm
417,4,0,302,42,swamp,Wyrm
418,4,0,301,42,swamp,Wyrm
419,2,4,123,206,volcanoes,Wyvern
420,4,4,174,65,cave,Dragon
421,4,0,328,48,swamp,Wyrm
422,2,2,204,62,volcanoes,Drake
423,4,2,213,62,desert,Drake
424,2,2,191,51,volcanoes,Drake
425,2,2,218,59,desert,Drake
426,4,6,127,98,cave,Dragon
427,4,0,341,49,swamp,Wyrm
428,4,0,311,39,cave,Wyrm
429,4,6,143,94,mountain,Dragon
430,2,2,124,190,volcanoes,Wyvern
431,2,4,115,189,volcanoes,Wyvern
432,2,2,138,219,volcanoes,Wyvern
433,2,2,125,211,volcanoes,Wyvern
434,0,2,267,110,air,Flying Serpent
435,4,6,137,65,mountain,Dragon
436,2,2,123,213,volcanoes,Wyvern
437,2,2,200,57,volcanoes,Drake
438,0,0,226,79,water,Serpent
439,4,2,149,69,mountain,Dragon
440,0,4,269,113,air,Flying Serpent
441,4,4,141,92,cave,Dragon
442,2,2,205,66,volcanoes,Drake
443,2,2,193,58,desert,Drake
444,0,0,220,58,woods,Serpent
445,0,0,235,69,woods,Serpent
446,4,0,247,69,water,Serpent
447,2,2,191,54,desert,Drake
448,0,4,265,124,air,Flying Serpent
449,0,4,276,106,air,Flying Serpent
450,2,4,141,207,volcanoes,Wyvern
451,4,0,334,38,cave,Wyrm
452,0,0,240,58,swamp,Serpent
453,0,0,235,75,swamp,Serpent
454,0,0,221,60,air,Serpent
455,0,0,217,69,water,Serpent
456,4,2,155,70,mountain,Dragon
457,2,4,118,204,volcanoes,Wyvern
458,2,4,145,221,volcanoes,Wyvern
459,2,4,138,206,volcanoes,Wyvern
460,4,2,215,59,water,Drake
461,0,2,297,113,air,Flying Serpent
462,2,2,189,66,volcanoes,Drake
463,4,0,342,44,swamp,Wyrm
464,4,2,217,54,water,Drake
465,4,4,161,68,volcanoes,Dragon
466,0,0,233,66,swamp,Serpent
467,4,0,226,58,woods,Serpent
468,2,4,142,217,volcanoes,Wyvern
469,2,4,135,210,volcanoes,Wyvern
470,4,0,335,44,cave,Wyrm
471,4,0,232,62,water,Serpent
472,0,0,249,78,water,Serpent
473,2,2,135,186,volcanoes,Wyvern
474,2,2,122,199,volcanoes,Wyvern
475,2,2,208,54,desert,Drake
476,0,4,300,107,air,Flying Serpent
477,0,4,283,111,air,Flying Serpent
478,4,0,338,44,cave,Wyrm
479,4,6,155,81,volcanoes,Dragon
480,4,0,232,54,woods,Serpent
481,2,2,123,223,volcanoes,Wyvern
482,2,2,221,58,desert,Drake
483,4,0,311,47,swamp,Wyrm
484,4,0,342,38,swamp,Wyrm
485,4,0,222,70,swamp,Serpent
486,4,0,299,48,cave,Wyrm
487,4,2,140,92,mountain,Dragon
488,0,2,258,124,air,Flying Serpent
489,2,2,116,196,volcanoes,Wyvern
490,2,2,205,51,volcanoes,Drake
491,4,2,145,99,volcanoes,Dragon
492,2,2,148,181,volcanoes,Wyvern
493,4,6,157,92,cave,Dragon
494,4,0,236,75,water,Serpent
495,4,0,333,41,swamp,Wyrm
496,2,4,146,210,volcanoes,Wyvern
497,2,2,116,198,volcanoes,Wyvern
498,0,2,277,114,air,Flying Serpent
499,4,0,308,39,cave,Wyrm
500,4,0,305,42,cave,Wyrm
501,2,4,131,185,volcanoes,Wyvern
502,4,0,330,49,swamp,Wyrm
503,4,2,143,66,volcanoes,Dragon
504,4,0,221,53,woods,Serpent
505,4,0,247,74,woods,Serpent
506,4,2,220,70,water,Drake
507,2,2,221,54,volcanoes,Drake
508,4,0,229,50,woods,Serpent
509,2,2,141,220,volcanoes,Wyvern
510,4,0,340,41,swamp,Wyrm
511,4,2,133,85,mountain,Dragon
512,0,2,295,118,air,Flying Serpent
513,4,0,224,70,swamp,Serpent
514,4,0,341,48,swamp,Wyrm
515,0,0,221,74,water,Serpent
516,2,4,138,204,volcanoes,Wyvern
517,0,0,237,76,woods,Serpent
518,2,2,126,210,volcanoes,Wyvern
519,4,0,233,77,swamp,Serpent
520,4,0,331,46,swamp,Wyrm
521,0,4,313,116,air,Flying Serpent
522,4,4,130,77,cave,Dragon
523,0,2,290,117,air,Flying Serpent
524,0,2,284,108,air,Flying Serpent
525,0,4,273,102,air,Flying Serpent
526,4,2,147,88,mountain,Dragon
527,4,0,243,52,air,Serpent
528,4,0,225,58,water,Serpent
529,4,0,337,36,swamp,Wyrm
530,4,0,241,70,woods,Serpent
531,2,2,192,65,volcanoes,Drake
532,4,0,311,44,swamp,Wyrm
533,4,0,219,69,swamp,Serpent
534,0,0,231,59,air,Serpent
535,2,4,132,208,volcanoes,Wyvern
536,2,2,218,52,water,Drake
537,4,2,149,86,cave,Dragon
538,4,6,149,89,mountain,Dragon
539,2,2,217,58,volcanoes,Drake
540,4,2,162,97,mountain,Dragon
541,4,0,295,40,swamp,Wyrm
542,4,0,312,39,swamp,Wyrm
543,4,2,220,50,volcanoes,Drake
544,2,2,118,175,volcanoes,Wyvern
545,4,0,338,41,cave,Wyrm
546,4,0,247,77,water,Serpent
547,2,2,200,59,volcanoes,Drake
548,4,4,143,83,cave,Dragon
549,4,2,216,50,water,Drake
550,0,4,312,103,air,Flying Serpent
551,4,0,233,68,air,Serpent
552,2,2,206,50,desert,Drake
553,4,6,163,84,volcanoes,Dragon
554,0,0,231,52,air,Serpent
555,0,0,227,75,woods,Serpent
556,2,4,141,196,volcanoes,Wyvern
557,2,2,221,68,water,Drake
558,4,0,232,66,woods,Serpent
559,4,0,308,40,swamp,Wyrm
560,0,2,314,111,air,Flying Serpent
561,4,0,301,45,cave,Wyrm
562,4,0,320,45,swamp,Wyrm
563,4,2,193,55,water,Drake
564,0,0,245,74,air,Serpent
565,0,4,279,123,air,Flying Serpent
566,2,2,118,215,volcanoes,Wyvern
567,2,2,124,184,volcanoes,Wyvern
568,4,0,332,44,swamp,Wyrm
569,4,0,242,55,water,Serpent
570,4,2,199,62,volcanoes,Drake
571,4,2,145,82,cave,Dragon
572,4,4,170,86,volcanoes,Dragon
573,4,4,173,75,mountain,Dragon
574,4,4,163,93,cave,Dragon
575,0,2,296,117,air,Flying Serpent
576,0,2,312,112,air,Flying Serpent
577,0,2,271,117,air,Flying Serpent
578,4,0,307,44,swamp,Wyrm
579,4,4,127,84,mountain,Dragon
580,0,0,219,55,swamp,Serpent
581,4,6,171,92,mountain,Dragon
582,0,2,306,110,air,Flying Serpent
583,4,4,155,65,mountain,Dragon
584,4,2,150,70,cave,Dragon
585,0,2,292,114,air,Flying Serpent
586,0,0,218,59,air,Serpent
587,0,2,301,114,air,Flying Serpent
588,4,0,322,43,swamp,Wyrm
589,0,2,305,100,air,Flying Serpent
590,4,0,327,40,cave,Wyrm
591,0,0,219,60,swamp,Serpent
592,4,6,150,80,mountain,Dragon
593,4,4,133,65,cave,Dragon
594,2,2,146,189,volcanoes,Wyvern
595,2,2,200,54,desert,Drake
596,2,4,143,200,volcanoes,Wyvern
597,4,0,316,47,swamp,Wyrm
598,0,0,246,69,air,Serpent
599,2,2,205,55,water,Drake
600,4,0,220,63,water,Serpent
601,0,4,284,114,air,Flying Serpent
602,2,2,127,210,volcanoes,Wyvern
603,0,0,223,55,swamp,Serpent
604,4,2,128,80,volcanoes,Dragon
605,2,2,216,63,water,Drake
606,0,0,248,52,swamp,Serpent
607,0,0,224,54,water,Serpent
608,0,4,314,109,air,Flying Serpent
609,4,0,244,66,woods,Serpent
610,0,0,230,64,woods,Serpent
611,4,6,142,86,cave,Dragon
612,4,2,220,70,desert,Drake
613,4,0,330,43,cave,Wyrm
614,0,0,244,72,woods,Serpent
615,0,0,240,77,air,Serpent
616,4,0,296,38,swamp,Wyrm
617,0,4,257,105,air,Flying Serpent
618,4,0,338,45,swamp,Wyrm
619,0,2,280,112,air,Flying Serpent
620,4,0,227,74,water,Serpent
621,4,6,125,85,cave,Dragon
622,2,2,207,55,volcanoes,Drake
623,2,4,136,186,volcanoes,Wyvern
624,2,2,116,219,volcanoes,Wyvern
625,0,2,307,113,air,Flying Serpent
626,4,0,333,35,cave,Wyrm
627,0,4,265,102,air,Flying Serpent
628,0,0,224,68,water,Serpent
629,2,2,209,71,water,Drake
630,4,6,174,75,cave,Dragon
631,4,2,223,53,volcanoes,Drake
632,2,2,125,175,volcanoes,Wyvern
633,4,6,168,83,mountain,Dragon
634,4,2,211,70,water,Drake
635,4,2,139,78,mountain,Dragon
636,2,4,148,193,volcanoes,Wyvern
637,4,6,133,67,cave,Dragon
638,0,0,239,73,woods,Serpent
639,2,4,123,186,volcanoes,Wyvern
640,2,2,121,190,volcanoes,Wyvern
641,4,0,335,41,cave,Wyrm
642,0,0,244,51,woods,Serpent
643,4,0,239,79,swamp,Serpent
644,0,2,295,101,air,Flying Serpent
645,0,4,250,122,air,Flying Serpent
646,0,0,219,63,swamp,Serpent
647,4,6,154,82,mountain,Dragon
648,0,0,228,68,air,Serpent
649,4,2,197,72,water,Drake
650,2,2,207,62,desert,Drake
651,4,6,173,65,volcanoes,Dragon
652,0,0,231,56,air,Serpent
653,2,4,139,214,volcanoes,Wyvern
654,4,0,341,48,swamp,Wyrm
655,4,0,327,39,cave,Wyrm
656,0,0,218,77,swamp,Serpent
657,4,0,298,38,swamp,Wyrm
658,4,2,205,70,volcanoes,Drake
659,4,0,225,61,swamp,Serpent
660,4,4,144,88,mountain,Dragon
661,2,2,222,64,volcanoes,Drake
662,4,0,224,63,woods,Serpent
663,2,4,142,175,volcanoes,Wyvern
664,4,4,131,90,mountain,Dragon
665,4,0,310,46,swamp,Wyrm
666,4,6,170,98,mountain,Dragon
667,0,0,218,65,woods,Serpent
668,0,0,243,65,swamp,Serpent
669,2,2,210,57,desert,Drake
670,2,2,149,219,volcanoes,Wyvern
671,2,2,141,183,volcanoes,Wyvern
672,0,4,314,118,air,Flying Serpent
673,0,0,226,51,swamp,Serpent
674,2,4,125,201,volcanoes,Wyvern
675,0,4,292,102,air,Flying Serpent
676,4,0,246,77,water,Serpent
677,0,0,225,74,water,Serpent
678,4,0,339,39,cave,Wyrm
679,2,4,116,199,volcanoes,Wyvern
680,2,2,123,192,volcanoes,Wyvern
681,0,0,234,55,woods,Serpent
682,4,6,139,97,cave,Dragon
683,4,0,313,41,swamp,Wyrm
684,0,2,276,104,air,Flying Serpent
685,4,4,139,77,mountain,Dragon
686,4,2,203,65,desert,Drake
687,4,0,308,39,cave,Wyrm
688,4,0,326,47,cave,Wyrm
689,2,2,128,212,volcanoes,Wyvern
690,0,0,246,73,water,Serpent
691,4,0,225,71,swamp,Serpent
692,2,2,144,204,volcanoes,Wyvern
693,0,4,253,120,air,Flying Serpent
694,2,2,218,54,water,Drake
695,4,2,185,55,desert,Drake
696,2,2,199,53,desert,Drake
697,2,2,122,203,volcanoes,Wyvern
698,0,4,272,99,air,Flying Serpent
699,0,2,289,111,air,Flying Serpent
700,4,0,343,36,swamp,Wyrm
701,4,2,132,98,volcanoes,Dragon
702,4,0,340,39,swamp,Wyrm
703,4,2,200,57,desert,Drake
704,4,0,247,72,woods,Serpent
705,4,2,157,94,mountain,Dragon
706,4,0,307,36,swamp,Wyrm
707,0,4,310,109,air,Flying Serpent
708,4,2,142,75,mountain,Dragon
709,2,2,187,56,water,Drake
710,4,2,155,67,volcanoes,Dragon
711,2,2,132,188,volcanoes,Wyvern
712,2,2,204,51,water,Drake
713,2,4,141,220,volcanoes,Wyvern
714,2,2,199,56,volcanoes,Drake
715,4,0,225,76,swamp,Serpent
716,4,0,343,36,swamp,Wyrm
717,2,4,132,217,volcanoes,Wyvern
718,4,0,240,70,woods,Serpent
719,2,2,122,197,volcanoes,Wyvern
720,0,0,230,68,swamp,Serpent
721,4,0,242,74,water,Serpent
722,2,4,128,211,volcanoes,Wyvern
723,2,2,122,199,volcanoes,Wyvern
724,2,4,128,201,volcanoes,Wyvern
725,4,2,172,65,volcanoes,Dragon
726,0,2,278,102,air,Flying Serpent
727,4,0,244,51,water,Serpent
728,0,0,247,53,woods,Serpent
729,4,0,323,48,swamp,Wyrm
730,2,2,139,208,volcanoes,Wyvern
731,4,0,316,40,swamp,Wyrm
732,4,4,168,76,mountain,Dragon
733,0,0,232,57,woods,Serpent
734,4,2,174,93,cave,Dragon
735,0,2,296,108,air,Flying Serpent
736,4,2,198,53,volcanoes,Drake
737,0,0,215,73,swamp,Serpent
738,2,2,211,61,water,Drake
739,0,0,240,63,air,Serpent
740,0,4,269,103,air,Flying Serpent
741,4,2,214,59,water,Drake
742,4,0,334,48,swamp,Wyrm
743,2,2,145,197,volcanoes,Wyvern
744,0,0,232,53,swamp,Serpent
745,4,0,220,72,woods,Serpent
746,2,4,131,193,volcanoes,Wyvern
747,0,4,283,112,air,Flying Serpent
748,0,2,313,118,air,Flying Serpent
749,0,0,217,67,water,Serpent
750,0,2,301,101,air,Flying Serpent
751,0,0,216,67,water,Serpent
752,2,2,206,72,volcanoes,Drake
753,2,2,189,67,volcanoes,Drake
754,4,6,165,93,cave,Dragon
755,2,4,115,181,volcanoes,Wyvern
756,4,0,232,64,swamp,Serpent
757,4,0,302,37,swamp,Wyrm
758,4,0,344,46,swamp,Wyrm
759,4,2,134,88,volcanoes,Dragon
760,4,6,140,86,volcanoes,Dragon
761,2,2,216,66,volcanoes,Drake
762,4,2,199,50,desert,Drake
763,4,2,132,98,volcanoes,Dragon
764,2,2,222,69,volcanoes,Drake
765,2,2,209,62,volcanoes,Drake
766,4,2,190,64,volcanoes,Drake
767,0,4,309,103,air,Flying Serpent
768,0,2,312,104,air,Flying Serpent
769,0,0,215,68,air,Serpent
770,4,0,320,47,cave,Wyrm
771,0,2,269,103,air,Flying Serpent
772,4,0,312,49,cave,Wyrm
773,4,2,140,68,cave,Dragon
774,4,0,232,62,water,Serpent
775,4,0,223,53,swamp,Serpent
776,2,2,197,56,desert,Drake
777,4,2,198,72,desert,Drake
778,4,0,310,38,cave,Wyrm
779,0,0,246,70,woods,Serpent
780,4,0,300,40,cave,Wyrm
781,0,4,259,110,air,Flying Serpent
782,4,2,191,53,desert,Drake
783,4,0,241,50,woods,Serpent
784,0,4,299,116,air,Flying Serpent
785,4,0,234,63,woods,Serpent
786,4,0,342,37,swamp,Wyrm
787,4,0,248,70,woods,Serpent
788,0,2,303,106,air,Flying Serpent
789,0,2,252,115,air,Flying Serpent
790,2,2,213,61,water,Drake
791,4,2,199,68,desert,Drake
792,0,0,241,68,swamp,Serpent
793,4,2,199,72,desert,Drake
794,4,0,236,56,air,Serpent
795,4,0,322,38,swamp,Wyrm
796,2,4,136,178,volcanoes,Wyvern
797,2,4,117,193,volcanoes,Wyvern
798,2,2,188,52,desert,Drake
799,4,0,331,35,cave,Wyrm
800,2,2,186,57,water,Drake
801,4,0,322,35,cave,Wyrm
802,2,2,193,70,desert,Drake
803,0,4,279,101,air,Flying Serpent
804,0,2,305,113,air,Flying Serpent
805,4,0,316,37,cave,Wyrm
806,4,0,237,54,water,Serpent
807,2,2,218,53,water,Drake
808,4,2,157,85,cave,Dragon
809,4,0,333,43,swamp,Wyrm
810,0,2,303,120,air,Flying Serpent
811,4,2,189,70,volcanoes,Drake
812,4,0,228,70,air,Serpent
813,4,0,218,56,water,Serpent
814,2,4,127,219,volcanoes,Wyvern
815,0,0,232,58,air,Serpent
816,4,0,222,70,water,Serpent
817,0,0,232,58,water,Serpent
818,2,2,142,196,volcanoes,Wyvern
819,4,0,244,58,water,Serpent
820,0,2,286,104,air,Flying Serpent
821,4,0,295,45,swamp,Wyrm
822,4,6,155,88,volcanoes,Dragon
823,0,2,293,111,air,Flying Serpent
824,4,0,296,36,swamp,Wyrm
825,2,2,134,213,volcanoes,Wyvern
826,4,6,164,70,cave,Dragon
827,4,2,222,67,water,Drake
828,2,4,136,207,volcanoes,Wyvern
829,0,2,275,100,air,Flying Serpent
830,4,4,151,76,volcanoes,Dragon
831,4,0,314,37,swamp,Wyrm
832,0,4,254,99,air,Flying Serpent
833,4,0,319,45,cave,Wyrm
834,4,0,314,44,cave,Wyrm
835,0,2,279,122,air,Flying Serpent
836,4,4,135,86,mountain,Dragon
837,0,2,290,117,air,Flying Serpent
838,4,2,202,52,desert,Drake
839,2,4,145,186,volcanoes,Wyvern
840,2,2,197,71,desert,Drake
841,2,2,137,214,volcanoes,Wyvern
842,0,4,258,124,air,Flying Serpent
843,4,4,159,78,volcanoes,Dragon
844,0,4,267,108,air,Flying Serpent
845,2,4,148,185,volcanoes,Wyvern
846,2,4,148,209,volcanoes,Wyvern
847,4,6,166,98,cave,Dragon
848,2,2,197,53,volcanoes,Drake
849,0,0,226,67,woods,Serpent
850,0,4,270,103,air,Flying Serpent
851,0,4,267,116,air,Flying Serpent
852,4,0,246,69,swamp,Serpent
853,2,2,119,189,volcanoes,Wyvern
854,4,6,139,73,volcanoes,Dragon
855,0,0,243,79,woods,Serpent
856,2,2,188,63,volcanoes,Drake
857,2,4,133,187,volcanoes,Wyvern
858,4,4,145,71,cave,Dragon
859,4,2,210,50,water,Drake
860,4,0,304,40,swamp,Wyrm
861,4,6,165,68,mountain,Dragon
862,2,4,143,218,volcanoes,Wyvern
863,4,2,185,58,volcanoes,Drake
864,4,4,143,93,volcanoes,Dragon
865,0,4,279,103,air,Flying Serpent
866,4,0,329,49,swamp,Wyrm
867,0,4,281,109,air,Flying Serpent
868,4,4,131,75,mountain,Dragon
869,2,2,146,175,volcanoes,Wyvern
870,2,2,143,217,volcanoes,Wyvern
871,0,2,269,111,air,Flying Serpent
872,4,2,219,54,water,Drake
873,0,2,257,121,air,Flying Serpent
874,4,6,125,83,cave,Dragon
875,0,0,239,79,air,Serpent
876,4,2,213,74,desert,Drake
877,0,2,270,123,air,Flying Serpent
878,0,2,284,119,air,Flying Serpent
879,4,0,235,52,swamp,Serpent
880,0,2,274,120,air,Flying Serpent
881,4,4,171,91,volcanoes,Dragon
882,4,0,223,65,air,Serpent
883,4,0,331,39,swamp,Wyrm
884,4,0,218,72,water,Serpent
885,0,0,222,58,water,Serpent
886,2,2,185,55,volcanoes,Drake
887,0,0,239,62,air,Serpent
888,2,2,127,183,volcanoes,Wyvern
889,0,0,248,51,woods,Serpent
890,0,2,290,116,air,Flying Serpent
891,4,0,334,39,cave,Wyrm
892,4,0,335,46,cave,Wyrm
893,2,2,116,176,volcanoes,Wyvern
894,2,2,216,50,volcanoes,Drake
895,0,2,295,116,air,Flying Serpent
896,0,2,302,123,air,Flying Serpent
897,2,4,134,190,volcanoes,Wyvern
898,0,2,290,105,air,Flying Serpent
899,2,2,147,193,volcanoes,Wyvern
900,4,2,206,64,volcanoes,Drake
901,4,0,238,75,air,Serpent
902,0,0,227,76,water,Serpent
903,0,4,272,113,air,Flying Serpent
904,4,6,134,65,volcanoes,Dragon
905,0,2,291,118,air,Flying Serpent
906,4,6,151,94,mountain,Dragon
907,4,4,146,96,volcanoes,Dragon
908,2,2,144,215,volcanoes,Wyvern
909,4,2,147,70,volcanoes,Dragon
910,4,0,235,72,water,Serpent
911,0,4,273,108,air,Flying Serpent
912,0,0,247,74,woods,Serpent
913,2,4,129,193,volcanoes,Wyvern
914,4,0,215,58,water,Serpent
915,2,2,223,64,desert,Drake
916,4,6,162,94,volcanoes,Dragon
917,4,0,245,73,woods,Serpent
918,0,2,286,116,air,Flying Serpent
919,0,2,292,108,air,Flying Serpent
920,2,4,117,202,volcanoes,Wyvern
921,4,2,138,75,mountain,Dragon
922,2,2,217,73,water,Drake
923,2,4,137,211,volcanoes,Wyvern
924,4,0,322,48,swamp,Wyrm
925,2,4,138,214,volcanoes,Wyvern
926,2,2,210,70,desert,Drake
927,0,2,259,103,air,Flying Serpent
928,2,2,142,206,volcanoes,Wyvern
929,0,4,280,124,air,Flying Serpent
930,0,4,301,121,air,Flying Serpent
931,4,0,302,42,swamp,Wyrm
932,4,6,167,90,cave,Dragon
933,4,0,301,39,cave,Wyrm
934,0,2,268,110,air,Flying Serpent
935,4,0,216,67,air,Serpent
936,0,4,255,99,air,Flying Serpent
937,4,2,201,63,water,Drake
938,4,0,328,48,cave,Wyrm
939,4,6,174,77,mountain,Dragon
940,2,2,147,206,volcanoes,Wyvern
941,4,0,312,48,swamp,Wyrm
942,4,0,215,69,air,Serpent
943,4,0,336,40,swamp,Wyrm
944,2,2,222,53,water,Drake
945,4,2,205,72,desert,Drake
946,2,2,143,192,volcanoes,Wyvern
947,4,2,186,72,desert,Drake
948,4,0,302,43,swamp,Wyrm
949,0,0,243,79,water,Serpent
950,4,2,202,74,volcanoes,Drake
951,2,2,118,184,volcanoes,Wyvern
952,4,0,333,46,cave,Wyrm
953,2,2,223,62,desert,Drake
954,4,0,338,40,cave,Wyrm
955,2,2,212,59,water,Drake
956,4,0,344,45,swamp,Wyrm
957,0,4,264,100,air,Flying Serpent
958,2,2,134,215,volcanoes,Wyvern
959,4,0,306,47,swamp,Wyrm
960,4,2,192,56,water,Drake
961,0,0,220,61,air,Serpent
962,4,0,328,46,cave,Wyrm
963,4,6,132,78,mountain,Dragon
964,4,0,314,37,cave,Wyrm
965,0,2,289,109,air,Flying Serpent
966,4,0,310,45,swamp,Wyrm
967,4,2,130,92,mountain,Dragon
968,0,2,278,121,air,Flying Serpent
969,4,0,226,59,swamp,Serpent
970,0,4,294,117,air,Flying Serpent
971,4,0,245,66,swamp,Serpent
972,4,0,305,43,swamp,Wyrm
973,4,2,197,74,water,Drake
974,4,6,136,65,cave,Dragon
975,4,2,149,96,cave,Dragon
976,4,6,142,90,cave,Dragon
977,2,4,117,199,volcanoes,Wyvern
978,4,4,133,80,mountain,Dragon
979,4,0,305,39,cave,Wyrm
980,0,0,235,68,air,Serpent
981,4,0,324,42,cave,Wyrm
982,0,4,292,105,air,Flying Serpent
983,4,2,146,95,cave,Dragon
984,0,0,220,57,air,Serpent
985,4,0,320,36,cave,Wyrm
986,4,2,214,72,desert,Drake
987,4,0,314,43,cave,Wyrm
988,4,0,298,44,cave,Wyrm
989,0,4,297,116,air,Flying Serpent
990,2,2,224,68,water,Drake
991,2,2,145,178,volcanoes,Wyvern
992,4,0,234,59,air,Serpent
993,0,0,246,77,woods,Serpent
994,4,0,324,45,cave,Wyrm
995,2,2,220,56,volcanoes,Drake
996,4,0,323,43,cave,Wyrm
997,4,4,126,78,mountain,Dragon
998,4,0,235,60,woods,Serpent
999,0,2,314,118,air,Flying Serpent
1000,4,0,329,37,swamp,Wyrm
1001,2,4,136,219,volcanoes,Wyvern
1002,2,2,198,74,desert,Drake
1003,4,0,331,41,cave,Wyrm
1004,4,0,341,39,swamp,Wyrm
1005,4,0,219,79,air,Serpent
1006,2,2,138,187,volcanoes,Wyvern
1007,4,6,154,95,mountain,Dragon
1008,4,0,320,44,swamp,Wyrm
1009,0,0,242,76,air,Serpent
1010,4,0,328,38,cave,Wyrm
1011,4,0,298,48,swamp,Wyrm
1012,4,0,322,43,swamp,Wyrm
1013,4,0,344,48,cave,Wyrm
1014,2,4,141,198,volcanoes,Wyvern
1015,4,0,337,48,cave,Wyrm
1016,4,6,125,83,cave,Dragon
1017,4,4,170,84,mountain,Dragon
1018,0,4,271,99,air,Flying Serpent
1019,0,2,260,120,air,Flying Serpent
1020,4,2,161,95,mountain,Dragon
1021,4,0,340,49,cave,Wyrm
1022,4,2,202,71,desert,Drake
1023,4,2,199,52,desert,Drake
1024,0,4,278,101,air,Flying Serpent
1025,0,4,296,103,air,Flying Serpent
1026,0,2,252,119,air,Flying Serpent
1027,4,6,155,80,volcanoes,Dragon
1028,4,0,324,36,cave,Wyrm
1029,4,0,249,69,swamp,Serpent
1030,2,2,224,60,volcanoes,Drake
1031,4,4,148,91,volcanoes,Dragon
1032,4,0,237,54,air,Serpent
1033,2,2,143,210,volcanoes,Wyvern
1034,2,4,119,203,volcanoes,Wyvern
1035,2,4,123,188,volcanoes,Wyvern
1036,0,4,295,118,air,Flying Serpent
1037,0,2,274,114,air,Flying Serpent
1038,4,6,160,86,cave,Dragon
1039,4,0,215,53,water,Serpent
1040,0,0,232,56,air,Serpent
1041,0,0,228,73,woods,Serpent
1042,4,0,310,48,swamp,Wyrm
1043,0,4,298,108,air,Flying Serpent
1044,0,2,272,107,air,Flying Serpent
1045,4,4,162,88,mountain,Dragon
1046,2,2,145,204,volcanoes,Wyvern
1047,4,0,241,65,air,Serpent
1048,4,0,333,45,swamp,Wyrm
1049,2,2,124,178,volcanoes,Wyvern
1050,4,6,147,74,volcanoes,Dragon
1051,4,4,151,66,mountain,Dragon
1052,0,0,239,59,swamp,Serpent
1053,0,4,268,107,air,Flying Serpent
1054,4,0,301,44,swamp,Wyrm
1055,4,2,201,62,water,Drake
1056,0,0,218,72,air,Serpent
1057,0,2,251,113,air,Flying Serpent
1058,4,0,298,44,swamp,Wyrm
1059,4,0,323,36,swamp,Wyrm
1060,4,0,341,39,cave,Wyrm
1061,4,6,139,93,mountain,Dragon
1062,0,0,228,65,water,Serpent
1063,0,4,292,124,air,Flying Serpent
1064,4,0,323,49,cave,Wyrm
1065,2,2,207,73,volcanoes,Drake
1066,2,4,117,194,volcanoes,Wyvern
1067,4,0,245,71,air,Serpent
1068,4,2,139,76,mountain,Dragon
1069,2,4,134,219,volcanoes,Wyvern
1070,2,2,141,212,volcanoes,Wyvern
1071,0,0,231,70,woods,Serpent
1072,4,0,303,45,cave,Wyrm
1073,4,2,157,99,cave,Dragon
1074,2,4,143,223,volcanoes,Wyvern
1075,0,2,270,101,air,Flying Serpent
1076,4,0,325,37,cave,Wyrm
1077,4,0,235,78,water,Serpent
1078,0,4,294,104,air,Flying Serpent
1079,4,0,323,48,cave,Wyrm
1080,0,4,253,103,air,Flying Serpent
1081,2,2,205,72,water,Drake
1082,0,4,307,120,air,Flying Serpent
1083,4,0,320,38,swamp,Wyrm
1084,4,0,241,56,swamp,Serpent
1085,4,0,330,37,swamp,Wyrm
1086,2,2,189,60,water,Drake
1087,0,0,217,56,woods,Serpent
1088,4,0,234,55,swamp,Serpent
1089,0,0,224,51,water,Serpent
1090,4,0,307,39,swamp,Wyrm
1091,2,2,133,186,volcanoes,Wyvern
1092,2,2,216,50,desert,Drake
1093,4,0,241,64,water,Serpent
1094,4,2,166,80,volcanoes,Dragon
1095,4,2,191,62,volcanoes,Drake
1096,0,4,307,103,air,Flying Serpent
1097,2,2,130,187,volcanoes,Wyvern
1098,4,0,326,35,swamp,Wyrm
1099,4,2,201,64,volcanoes,Drake
1100,0,0,243,66,water,Serpent
1101,4,0,341,39,swamp,Wyrm
1102,4,0,324,47,cave,Wyrm
1103,0,4,258,106,air,Flying Serpent
1104,4,0,249,53,air,Serpent
1105,0,0,243,74,swamp,Serpent
1106,0,0,229,72,air,Serpent
1107,0,0,215,79,swamp,Serpent
1108,0,0,229,53,woods,Serpent
1109,4,0,301,43,cave,Wyrm
1110,0,2,280,124,air,Flying Serpent
1111,0,4,253,115,air,Flying Serpent
1112,2,2,140,213,volcanoes,Wyvern
1113,2,4,145,184,volcanoes,Wyvern
1114,0,0,234,69,air,Serpent
1115,2,2,218,57,water,Drake
1116,2,2,201,55,volcanoes,Drake
1117,4,6,165,65,mountain,Dragon
1118,2,2,123,214,volcanoes,Wyvern
1119,0,4,265,108,air,Flying Serpent
1120,4,0,315,39,swamp,Wyrm
1121,2,4,129,198,volcanoes,Wyvern
1122,4,0,247,70,woods,Serpent
1123,0,4,268,100,air,Flying Serpent
1124,0,4,306,99,air,Flying Serpent
1125,4,6,174,85,volcanoes,Dragon
1126,0,4,304,112,air,Flying Serpent
1127,0,4,299,103,air,Flying Serpent
1128,0,2,250,107,air,Flying Serpent
1129,4,0,320,47,cave,Wyrm
1130,4,6,145,79,mountain,Dragon
1131,2,2,205,50,volcanoes,Drake
1132,2,4,141,201,volcanoes,Wyvern
1133,4,0,241,74,air,Serpent
1134,4,0,337,40,cave,Wyrm
1135,4,4,149,87,volcanoes,Dragon
1136,4,2,172,85,mountain,Dragon
1137,4,6,169,90,cave,Dragon
1138,2,2,139,211,volcanoes,Wyvern
1139,2,2,197,72,volcanoes,Drake
1140,4,2,157,70,volcanoes,Dragon
1141,4,0,311,46,swamp,Wyrm
1142,2,2,132,207,volcanoes,Wyvern
1143,0,4,250,105,air,Flying Serpent
1144,4,6,152,88,mountain,Dragon
1145,4,0,245,79,air,Serpent
1146,2,4,135,182,volcanoes,Wyvern
1147,2,2,185,67,desert,Drake
1148,0,4,273,99,air,Flying Serpent
1149,4,0,327,49,cave,Wyrm
1150,0,2,298,101,air,Flying Serpent
1151,4,0,230,56,air,Serpent
1152,4,0,218,74,water,Serpent
1153,4,0,249,76,swamp,Serpent
1154,4,2,209,72,desert,Drake
1155,0,4,287,113,air,Flying Serpent
1156,4,0,343,44,swamp,Wyrm
1157,0,2,251,117,air,Flying Serpent
1158,2,2,208,51,desert,Drake
1159,4,0,314,36,cave,Wyrm
1160,4,4,148,91,cave,Dragon
1161,4,2,162,96,mountain,Dragon
1162,4,2,160,69,mountain,Dragon
1163,0,2,250,106,air,Flying Serpent
1164,4,0,302,38,cave,Wyrm
1165,4,2,193,73,volcanoes,Drake
1166,0,4,305,123,air,Flying Serpent
1167,0,0,240,67,woods,Serpent
1168,4,0,326,41,cave,Wyrm
1169,4,0,296,36,swamp,Wyrm
1170,2,2,193,59,water,Drake
1171,0,2,313,121,air,Flying Serpent
1172,0,0,233,72,woods,Serpent
1173,4,4,152,89,cave,Dragon
1174,0,0,222,55,air,Serpent
1175,4,0,231,79,water,Serpent
1176,4,2,156,83,cave,Dragon
1177,0,2,252,122,air,Flying Serpent
1178,0,2,291,114,air,Flying Serpent
1179,2,2,139,184,volcanoes,Wyvern
1180,4,0,237,59,water,Serpent
1181,4,0,225,76,swamp,Serpent
1182,0,2,288,102,air,Flying Serpent
1183,4,0,327,40,swamp,Wyrm
1184,4,0,233,72,woods,Serpent
1185,0,4,252,101,air,Flying Serpent
1186,0,0,225,61,woods,Serpent
1187,4,2,192,67,water,Drake
1188,0,4,269,120,air,Flying Serpent
1189,4,0,321,40,swamp,Wyrm
1190,4,2,198,60,water,Drake
1191,4,0,337,38,swamp,Wyrm
1192,0,2,275,99,air,Flying Serpent
1193,0,2,280,107,air,Flying Serpent
1194,0,0,247,71,water,Serpent
1195,2,2,115,194,volcanoes,Wyvern
1196,2,2,205,68,water,Drake
1197,4,0,242,60,woods,Serpent
1198,4,2,141,96,volcanoes,Dragon
1199,0,0,226,67,woods,Serpent
1200,2,2,136,211,volcanoes,Wyvern
1201,2,4,116,205,volcanoes,Wyvern
1202,4,0,307,38,swamp,Wyrm
1203,4,6,158,73,volcanoes,Dragon
1204,2,4,143,221,volcanoes,Wyvern
1205,4,0,343,37,swamp,Wyrm
1206,0,0,225,72,swamp,Serpent
1207,2,2,214,67,desert,Drake
1208,4,0,328,36,cave,Wyrm
1209,0,4,254,119,air,Flying Serpent
1210,4,0,246,68,air,Serpent
1211,4,2,212,52,volcanoes,Drake
1212,4,0,311,38,cave,Wyrm
1213,4,4,172,88,cave,Dragon
1214,0,4,311,120,air,Flying Serpent
1215,4,0,311,44,swamp,Wyrm
1216,4,0,339,43,swamp,Wyrm
1217,0,0,220,57,water,Serpent
1218,4,2,209,60,desert,Drake
1219,4,0,248,77,woods,Serpent
1220,4,0,324,46,swamp,Wyrm
1221,4,2,146,88,cave,Dragon
1222,4,2,172,77,mountain,Dragon
1223,0,2,289,120,air,Flying Serpent
1224,0,4,276,109,air,Flying Serpent
1225,4,2,222,70,water,Drake
1226,0,4,280,104,air,Flying Serpent
1227,2,4,131,204,volcanoes,Wyvern
1228,2,2,116,179,volcanoes,Wyvern
1229,4,0,304,49,swamp,Wyrm
1230,4,0,312,39,swamp,Wyrm
1231,0,2,257,123,air,Flying Serpent
1232,0,4,292,99,air,Flying Serpent
1233,0,0,226,56,water,Serpent
1234,0,2,301,111,air,Flying Serpent
1235,2,4,120,217,volcanoes,Wyvern
1236,2,2,136,193,volcanoes,Wyvern
1237,0,2,300,113,air,Flying Serpent
1238,2,2,137,223,volcanoes,Wyvern
1239,4,0,308,48,cave,Wyrm
1240,0,0,216,51,air,Serpent
1241,4,4,133,94,mountain,Dragon
1242,2,2,126,199,volcanoes,Wyvern
1243,4,6,137,78,cave,Dragon
1244,4,4,160,65,cave,Dragon
1245,4,6,174,90,mountain,Dragon
1246,4,0,226,79,woods,Serpent
1247,4,0,315,43,cave,Wyrm
1248,2,4,125,188,volcanoes,Wyvern
1249,4,0,336,42,cave,Wyrm
1250,0,4,250,102,air,Flying Serpent
1251,4,0,298,43,cave,Wyrm
1252,4,0,300,40,cave,Wyrm
1253,2,2,193,72,desert,Drake
1254,4,0,297,35,swamp,Wyrm
1255,4,0,312,42,swamp,Wyrm
1256,4,0,235,72,air,Serpent
1257,4,0,307,44,swamp,Wyrm
1258,2,2,223,50,water,Drake
1259,4,6,153,79,volcanoes,Dragon
1260,4,4,174,78,volcanoes,Dragon
1261,4,2,147,77,volcanoes,Dragon
1262,2,2,140,213,volcanoes,Wyvern
1263,0,2,295,122,air,Flying Serpent
1264,0,2,271,112,air,Flying Serpent
1265,2,2,197,67,volcanoes,Drake
1266,2,4,133,181,volcanoes,Wyvern
1267,4,2,216,52,desert,Drake
1268,4,0,334,47,swamp,Wyrm
1269,2,2,193,70,desert,Drake
1270,0,0,223,76,woods,Serpent
1271,4,0,301,36,swamp,Wyrm
1272,0,4,284,119,air,Flying Serpent
1273,0,4,314,118,air,Flying Serpent
1274,4,2,202,59,desert,Drake
1275,2,4,118,184,volcanoes,Wyvern
1276,2,4,147,212,volcanoes,Wyvern
1277,4,2,198,56,water,Drake
1278,4,4,140,80,cave,Dragon
1279,4,0,220,68,woods,Serpent
1280,4,2,192,65,water,Drake
1281,4,2,202,65,volcanoes,Drake
1282,2,4,141,217,volcanoes,Wyvern
1283,2,2,201,67,volcanoes,Drake
1284,4,6,148,98,mountain,Dragon
1285,0,2,264,116,air,Flying Serpent
1286,2,4,135,212,volcanoes,Wyvern
1287,4,0,311,48,cave,Wyrm
1288,0,0,228,64,swamp,Serpent
1289,4,0,243,72,woods,Serpent
1290,2,4,115,214,volcanoes,Wyvern
1291,0,2,272,118,air,Flying Serpent
1292,0,2,258,107,air,Flying Serpent
1293,2,2,199,57,desert,Drake
1294,2,2,123,184,volcanoes,Wyvern
1295,4,2,138,68,volcanoes,Dragon
1296,4,0,315,45,swamp,Wyrm
1297,2,2,201,58,water,Drake
1298,0,2,297,111,air,Flying Serpent
1299,0,4,254,103,air,Flying Serpent
1300,4,2,206,58,water,Drake
1301,4,2,160,65,volcanoes,Dragon
1302,2,2,133,183,volcanoes,Wyvern
1303,4,2,165,95,mountain,Dragon
1304,0,4,301,121,air,Flying Serpent
1305,4,2,204,52,desert,Drake
1306,4,0,319,41,swamp,Wyrm
1307,4,0,327,49,cave,Wyrm
1308,4,0,326,43,swamp,Wyrm
1309,4,0,306,39,swamp,Wyrm
1310,0,2,286,113,air,Flying Serpent
1311,4,2,222,53,desert,Drake
1312,4,0,332,37,swamp,Wyrm
1313,4,0,306,36,swamp,Wyrm
1314,2,2,121,181,volcanoes,Wyvern
1315,4,0,242,78,woods,Serpent
1316,0,4,261,99,air,Flying Serpent
1317,4,0,246,61,air,Serpent
1318,0,0,226,70,water,Serpent
1319,4,0,320,47,cave,Wyrm
1320,4,2,210,66,water,Drake
1321,4,0,311,45,swamp,Wyrm
1322,0,2,260,100,air,Flying Serpent
1323,2,2,145,220,volcanoes,Wyvern
1324,2,2,133,196,volcanoes,Wyvern
1325,4,2,131,75,cave,Dragon
1326,0,4,268,111,air,Flying Serpent
1327,0,2,281,119,air,Flying Serpent
1328,4,0,243,58,swamp,Serpent
1329,4,0,323,40,cave,Wyrm
1330,4,2,158,98,mountain,Dragon
1331,4,0,319,42,cave,Wyrm
1332,4,6,131,99,volcanoes,Dragon
1333,4,2,216,51,volcanoes,Drake
1334,4,2,196,62,water,Drake
1335,4,6,134,85,mountain,Dragon
1336,4,0,339,40,swamp,Wyrm
1337,4,0,330,45,swamp,Wyrm
1338,2,4,126,184,volcanoes,Wyvern
1339,4,0,332,35,cave,Wyrm
1340,2,2,118,199,volcanoes,Wyvern
1341,2,4,147,204,volcanoes,Wyvern
1342,4,0,299,37,cave,Wyrm
1343,4,0,224,59,water,Serpent
1344,4,0,310,40,swamp,Wyrm
1345,4,0,305,46,cave,Wyrm
1346,2,2,119,208,volcanoes,Wyvern
1347,2,4,129,216,volcanoes,Wyvern
1348,4,2,188,68,water,Drake
1349,0,4,296,115,air,Flying Serpent
1350,4,0,310,43,cave,Wyrm
1351,4,0,305,49,cave,Wyrm
1352,4,0,297,36,swamp,Wyrm
1353,0,0,240,55,swamp,Serpent
1354,4,0,315,42,cave,Wyrm
1355,2,4,132,210,volcanoes,Wyvern
1356,4,6,166,73,volcanoes,Dragon
1357,4,2,205,51,volcanoes,Drake
1358,4,0,307,42,swamp,Wyrm
1359,0,2,282,109,air,Flying Serpent
1360,0,2,294,115,air,Flying Serpent
1361,4,0,226,78,water,Serpent
1362,4,2,196,53,water,Drake
1363,4,2,211,54,water,Drake
1364,2,4,140,222,volcanoes,Wyvern
1365,2,2,203,73,desert,Drake
1366,2,2,146,197,volcanoes,Wyvern
1367,4,6,144,87,mountain,Dragon
1368,0,4,259,118,air,Flying Serpent
1369,4,0,238,76,water,Serpent
1370,4,0,240,79,woods,Serpent
1371,2,2,117,216,volcanoes,Wyvern
1372,2,4,122,186,volcanoes,Wyvern
1373,2,2,189,62,volcanoes,Drake
1374,4,0,241,53,woods,Serpent
1375,4,0,298,46,cave,Wyrm
1376,2,4,147,224,volcanoes,Wyvern
1377,4,2,204,50,desert,Drake
1378,0,2,285,109,air,Flying Serpent
1379,2,2,135,191,volcanoes,Wyvern
1380,0,4,283,116,air,Flying Serpent
1381,4,4,157,86,mountain,Dragon
1382,4,2,219,71,water,Drake
1383,2,4,143,223,volcanoes,Wyvern
1384,0,2,263,113,air,Flying Serpent
1385,2,4,128,177,volcanoes,Wyvern
1386,2,2,136,219,volcanoes,Wyvern
1387,4,0,302,38,swamp,Wyrm
1388,4,6,146,75,volcanoes,Dragon
1389,2,2,118,197,volcanoes,Wyvern
1390,2,2,209,51,desert,Drake
1391,4,0,245,52,swamp,Serpent
1392,4,0,297,44,swamp,Wyrm
1393,0,2,297,112,air,Flying Serpent
1394,2,2,124,181,volcanoes,Wyvern
1395,0,0,242,67,swamp,Serpent
1396,0,4,313,104,air,Flying Serpent
1397,2,2,128,184,volcanoes,Wyvern
1398,0,4,251,105,air,Flying Serpent
1399,0,4,301,107,air,Flying Serpent
1400,4,2,215,71,desert,Drake
1401,2,2,191,73,volcanoes,Drake
1402,0,2,250,121,air,Flying Serpent
1403,2,4,116,186,volcanoes,Wyvern
1404,0,4,307,106,air,Flying Serpent
1405,4,0,298,40,cave,Wyrm
1406,4,2,204,61,water,Drake
1407,4,6,162,72,mountain,Dragon
1408,2,4,145,217,volcanoes,Wyvern
1409,4,0,300,44,swamp,Wyrm
1410,4,2,140,70,volcanoes,Dragon
1411,0,0,225,51,air,Serpent
1412,4,0,310,35,swamp,Wyrm
1413,4,2,186,51,volcanoes,Drake
1414,2,2,126,223,volcanoes,Wyvern
1415,4,0,226,73,woods,Serpent
1416,2,2,136,220,volcanoes,Wyvern
1417,4,4,149,74,volcanoes,Dragon
1418,4,6,168,75,volcanoes,Dragon
1419,0,4,286,102,air,Flying Serpent
1420,4,2,188,59,desert,Drake
1421,2,4,124,192,volcanoes,Wyvern
1422,0,0,215,79,woods,Serpent
1423,2,2,197,51,desert,Drake
1424,0,2,261,113,air,Flying Serpent
1425,4,0,334,42,swamp,Wyrm
1426,4,2,221,55,water,Drake
1427,4,4,155,68,cave,Dragon
1428,4,0,240,68,woods,Serpent
1429,4,4,163,75,cave,Dragon
1430,2,2,135,217,volcanoes,Wyvern
1431,4,0,307,37,swamp,Wyrm
1432,0,4,276,119,air,Flying Serpent
1433,0,2,294,116,air,Flying Serpent
1434,4,2,167,70,cave,Dragon
1435,0,4,311,110,air,Flying Serpent
1436,4,0,338,37,swamp,Wyrm
1437,4,0,304,44,swamp,Wyrm
1438,0,0,240,62,water,Serpent
1439,4,0,310,44,swamp,Wyrm
1440,2,4,130,183,volcanoes,Wyvern
1441,4,2,144,76,mountain,Dragon
1442,2,4,133,220,volcanoes,Wyvern
1443,4,0,306,44,cave,Wyrm
1444,4,0,301,41,swamp,Wyrm
1445,4,0,310,45,swamp,Wyrm
1446,4,0,336,49,swamp,Wyrm
1447,4,6,145,93,mountain,Dragon
1448,0,4,302,106,air,Flying Serpent
1449,0,4,250,104,air,Flying Serpent
1450,4,6,161,71,cave,Dragon
1451,0,2,309,99,air,Flying Serpent
1452,4,2,163,78,mountain,Dragon
1453,4,0,225,51,water,Serpent
1454,2,2,127,223,volcanoes,Wyvern
1455,2,2,145,205,volcanoes,Wyvern
1456,0,4,310,109,air,Flying Serpent
1457,2,2,215,50,water,Drake
1458,2,4,145,178,volcanoes,Wyvern
1459,4,0,246,58,water,Serpent
1460,4,4,174,87,mountain,Dragon
1461,4,0,340,43,swamp,Wyrm
1462,0,4,313,103,air,Flying Serpent
1463,0,4,306,120,air,Flying Serpent
1464,4,6,137,75,mountain,Dragon
1465,2,4,149,203,volcanoes,Wyvern
1466,4,4,129,65,mountain,Dragon
1467,4,2,154,76,volcanoes,Dragon
1468,0,2,279,117,air,Flying Serpent
1469,4,0,328,40,cave,Wyrm
1470,4,4,150,67,mountain,Dragon
1471,0,0,227,55,swamp,Serpent
1472,4,4,153,88,mountain,Dragon
1473,0,4,251,119,air,Flying Serpent
1474,0,2,272,102,air,Flying Serpent
1475,2,2,198,58,volcanoes,Drake
1476,4,2,208,61,volcanoes,Drake
1477,4,0,311,49,cave,Wyrm
1478,4,2,212,64,water,Drake
1479,0,2,271,107,air,Flying Serpent
1480,4,0,215,54,water,Serpent
1481,4,0,342,45,cave,Wyrm
1482,4,2,216,66,desert,Drake
1483,4,2,220,62,volcanoes,Drake
1484,4,0,226,54,water,Serpent
1485,4,2,214,52,volcanoes,Drake
1486,4,2,203,73,water,Drake
1487,4,0,242,50,air,Serpent
1488,4,0,329,41,cave,Wyrm
1489,0,0,218,75,air,Serpent
1490,4,0,322,49,cave,Wyrm
1491,2,2,187,65,volcanoes,Drake
1492,0,2,280,114,air,Flying Serpent
1493,0,4,314,116,air,Flying Serpent
1494,4,2,197,52,desert,Drake
1495,2,2,141,192,volcanoes,Wyvern
1496,4,0,304,40,swamp,Wyrm
1497,4,0,300,47,cave,Wyrm
1498,2,2,128,187,volcanoes,Wyvern
1499,0,2,269,110,air,Flying Serpent
1500,0,2,300,115,air,Flying Serpent
1501,4,2,127,75,mountain,Dragon
1502,2,2,224,52,water,Drake
1503,4,2,204,70,water,Drake
1504,0,4,259,123,air,Flying Serpent
1505,4,0,304,39,cave,Wyrm
1506,0,2,294,123,air,Flying Serpent
1507,0,2,256,122,air,Flying Serpent
1508,4,4,151,90,cave,Dragon
1509,2,2,209,51,volcanoes,Drake
1510,2,2,135,180,volcanoes,Wyvern
1511,4,2,216,60,volcanoes,Drake
1512,0,0,244,72,woods,Serpent
1513,4,2,158,96,volcanoes,Dragon
1514,2,2,138,208,volcanoes,Wyvern
1515,2,2,220,71,water,Drake
1516,0,0,241,62,swamp,Serpent
1517,2,2,224,56,volcanoes,Drake
1518,2,2,193,73,water,Drake
1519,4,2,186,67,water,Drake
1520,0,2,310,108,air,Flying Serpent
1521,2,2,122,200,volcanoes,Wyvern
1522,4,6,141,94,cave,Dragon
1523,0,0,243,53,air,Serpent
1524,0,0,244,79,swamp,Serpent
1525,4,0,330,39,cave,Wyrm
1526,4,0,307,44,cave,Wyrm
1527,0,2,290,103,air,Flying Serpent
1528,0,2,297,112,air,Flying Serpent
1529,4,0,240,77,woods,Serpent
1530,0,2,277,113,air,Flying Serpent
1531,4,2,140,97,cave,Dragon
1532,4,2,160,86,cave,Dragon
1533,4,0,220,67,water,Serpent
1534,0,4,291,123,air,Flying Serpent
1535,4,4,142,88,cave,Dragon
1536,4,2,196,56,desert,Drake
1537,2,2,119,175,volcanoes,Wyvern
1538,4,0,225,51,water,Serpent
1539,4,0,240,70,swamp,Serpent
1540,0,2,303,106,air,Flying Serpent
1541,4,0,241,79,swamp,Serpent
1542,4,0,243,73,woods,Serpent
1543,0,0,240,75,air,Serpent
1544,0,2,254,99,air,Flying Serpent
1545,2,4,141,214,volcanoes,Wyvern
1546,4,2,196,70,volcanoes,Drake
1547,4,0,332,49,swamp,Wyrm
1548,4,4,143,94,cave,Dragon
1549,0,0,247,78,air,Serpent
1550,0,2,273,110,air,Flying Serpent
1551,2,4,137,189,volcanoes,Wyvern
1552,4,2,131,75,volcanoes,Dragon
1553,2,2,140,200,volcanoes,Wyvern
1554,4,0,309,47,swamp,Wyrm
1555,4,0,305,47,cave,Wyrm
1556,0,0,218,68,swamp,Serpent
1557,4,4,167,92,cave,Dragon
1558,4,0,325,37,swamp,Wyrm
1559,0,2,272,124,air,Flying Serpent
1560,4,2,131,97,cave,Dragon
1561,0,0,227,66,swamp,Serpent
1562,0,0,239,55,air,Serpent
1563,4,0,335,41,cave,Wyrm
1564,4,2,193,59,water,Drake
1565,4,2,190,57,volcanoes,Drake
1566,0,0,225,73,woods,Serpent
1567,0,4,308,116,air,Flying Serpent
1568,2,2,140,186,volcanoes,Wyvern
1569,4,0,247,59,swamp,Serpent
1570,4,0,344,44,cave,Wyrm
1571,4,0,335,43,cave,Wyrm
1572,0,4,280,99,air,Flying Serpent
1573,0,4,259,124,air,Flying Serpent
1574,0,4,273,116,air,Flying Serpent
1575,2,4,129,190,volcanoes,Wyvern
1576,4,0,303,49,cave,Wyrm
1577,0,2,309,106,air,Flying Serpent
1578,0,2,279,123,air,Flying Serpent
1579,0,0,220,51,woods,Serpent
1580,4,2,171,71,mountain,Dragon
1581,4,0,331,42,swamp,Wyrm
1582,4,0,225,69,water,Serpent
1583,0,0,242,63,woods,Serpent
1584,4,0,226,73,water,Serpent
1585,0,0,231,66,water,Serpent
1586,4,0,340,39,swamp,Wyrm
1587,0,2,302,122,air,Flying Serpent
1588,2,4,119,217,volcanoes,Wyvern
1589,4,4,141,96,cave,Dragon
1590,0,0,233,78,water,Serpent
1591,0,4,274,103,air,Flying Serpent
1592,4,0,223,68,swamp,Serpent
1593,0,0,223,74,woods,Serpent
1594,0,4,301,112,air,Flying Serpent
1595,4,4,160,96,mountain,Dragon
1596,0,2,308,107,air,Flying Serpent
1597,4,0,302,45,cave,Wyrm
1598,4,0,309,46,swamp,Wyrm
1599,0,2,274,123,air,Flying Serpent
1600,4,0,333,41,cave,Wyrm
1601,4,2,153,84,mountain,Dragon
1602,2,2,210,69,desert,Drake
1603,2,2,139,224,volcanoes,Wyvern
1604,0,0,242,51,swamp,Serpent
1605,4,4,169,66,mountain,Dragon
1606,2,2,202,54,water,Drake
1607,4,6,156,70,mountain,Dragon
1608,4,0,332,35,cave,Wyrm
1609,4,0,249,78,air,Serpent
1610,2,2,213,58,desert,Drake
1611,2,2,130,191,volcanoes,Wyvern
1612,4,2,172,73,mountain,Dragon
1613,2,2,220,60,volcanoes,Drake
1614,2,4,122,208,volcanoes,Wyvern
1615,0,4,274,111,air,Flying Serpent
1616,4,0,222,58,water,Serpent
1617,0,4,267,115,air,Flying Serpent
1618,4,2,135,97,mountain,Dragon
1619,2,2,136,199,volcanoes,Wyvern
1620,4,0,227,67,water,Serpent
1621,0,4,294,114,air,Flying Serpent
1622,4,2,154,83,cave,Dragon
1623,2,2,216,67,desert,Drake
1624,0,2,273,123,air,Flying Serpent
1625,4,2,193,69,water,Drake
1626,0,0,227,59,water,Serpent
1627,4,2,152,79,mountain,Dragon
1628,0,0,221,54,air,Serpent
1629,4,2,200,55,volcanoes,Drake
1630,4,0,220,63,woods,Serpent
1631,4,0,243,69,woods,Serpent
1632,2,2,136,219,volcanoes,Wyvern
1633,4,2,220,56,water,Drake
1634,0,0,228,51,swamp,Serpent
1635,4,0,316,46,swamp,Wyrm
1636,2,4,126,184,volcanoes,Wyvern
1637,4,0,297,42,swamp,Wyrm
1638,4,0,240,75,swamp,Serpent
1639,4,0,312,41,cave,Wyrm
1640,0,0,230,75,swamp,Serpent
1641,0,4,307,114,air,Flying Serpent
1642,2,4,127,186,volcanoes,Wyvern
1643,4,0,340,37,swamp,Wyrm
1644,4,0,304,42,cave,Wyrm
1645,0,0,230,63,air,Serpent
1646,4,0,320,37,swamp,Wyrm
1647,4,0,300,44,cave,Wyrm
1648,4,0,296,46,cave,Wyrm
1649,4,6,132,84,cave,Dragon
1650,4,0,226,52,air,Serpent
1651,2,4,143,203,volcanoes,Wyvern
1652,2,2,126,183,volcanoes,Wyvern
1653,4,4,138,90,volcanoes,Dragon
1654,4,4,139,73,cave,Dragon
1655,2,2,197,53,volcanoes,Drake
1656,2,4,149,192,volcanoes,Wyvern
1657,4,2,221,54,water,Drake
1658,4,0,305,45,swamp,Wyrm
1659,4,2,188,71,desert,Drake
1660,0,4,252,106,air,Flying Serpent
1661,4,0,335,46,cave,Wyrm
1662,4,0,328,39,cave,Wyrm
1663,4,0,226,59,swamp,Serpent
1664,4,2,141,84,volcanoes,Dragon
1665,0,2,250,109,air,Flying Serpent
1666,0,0,246,59,air,Serpent
1667,4,4,170,96,volcanoes,Dragon
1668,0,4,308,117,air,Flying Serpent
1669,4,0,223,69,woods,Serpent
1670,4,0,309,38,swamp,Wyrm
1671,2,2,137,191,volcanoes,Wyvern
1672,0,2,267,109,air,Flying Serpent
1673,2,2,187,68,desert,Drake
1674,4,0,237,58,water,Serpent
1675,0,4,269,99,air,Flying Serpent
1676,4,4,157,89,volcanoes,Dragon
1677,4,0,333,41,cave,Wyrm
1678,4,0,328,48,swamp,Wyrm
1679,4,0,319,46,swamp,Wyrm
1680,2,2,185,57,water,Drake
1681,2,4,123,221,volcanoes,Wyvern
1682,2,2,198,73,desert,Drake
1683,4,0,228,67,water,Serpent
1684,2,2,213,65,water,Drake
1685,4,0,215,70,swamp,Serpent
1686,4,4,125,82,volcanoes,Dragon
1687,2,2,220,66,water,Drake
1688,0,0,246,78,swamp,Serpent
1689,0,4,273,108,air,Flying Serpent
1690,0,0,224,73,water,Serpent
1691,2,2,189,72,desert,Drake
1692,4,0,298,35,cave,Wyrm
1693,4,4,134,72,volcanoes,Dragon
1694,0,2,260,100,air,Flying Serpent
1695,4,2,224,64,water,Drake
1696,4,0,300,40,swamp,Wyrm
1697,0,4,264,120,air,Flying Serpent
1698,0,0,233,61,air,Serpent
1699,4,2,130,98,volcanoes,Dragon
1700,0,2,311,114,air,Flying Serpent
1701,4,6,169,93,mountain,Dragon
1702,4,2,130,98,cave,Dragon
1703,4,0,328,48,swamp,Wyrm
1704,4,0,340,40,swamp,Wyrm
1705,0,0,248,61,swamp,Serpent
1706,0,0,233,51,swamp,Serpent
1707,2,4,147,205,volcanoes,Wyvern
1708,0,4,295,119,air,Flying Serpent
1709,0,0,237,67,woods,Serpent
1710,4,0,246,74,water,Serpent
1711,2,2,221,73,desert,Drake
1712,4,0,233,51,air,Serpent
1713,2,2,142,224,volcanoes,Wyvern
1714,0,0,230,56,woods,Serpent
1715,0,4,299,115,air,Flying Serpent
1716,4,6,151,69,mountain,Dragon
1717,4,2,188,56,water,Drake
1718,4,0,310,41,swamp,Wyrm
1719,4,2,221,65,desert,Drake
1720,4,4,135,88,cave,Dragon
1721,2,4,121,199,volcanoes,Wyvern
1722,4,0,297,35,cave,Wyrm
1723,2,2,224,54,water,Drake
1724,4,0,329,42,swamp,Wyrm
1725,4,0,227,62,woods,Serpent
1726,4,4,169,75,mountain,Dragon
1727,4,4,159,65,mountain,Dragon
1728,4,4,130,76,cave,Dragon
1729,0,0,223,61,swamp,Serpent
1730,0,4,289,102,air,Flying Serpent
1731,4,4,140,81,cave,Dragon
1732,4,0,295,46,swamp,Wyrm
1733,0,4,263,100,air,Flying Serpent
1734,4,0,319,37,swamp,Wyrm
1735,2,2,145,216,volcanoes,Wyvern
1736,4,0,296,47,cave,Wyrm
1737,0,4,289,117,air,Flying Serpent
1738,2,2,189,70,volcanoes,Drake
1739,4,0,297,35,cave,Wyrm
1740,4,0,332,37,swamp,Wyrm
1741,0,4,288,114,air,Flying Serpent
1742,4,2,187,50,desert,Drake
1743,2,2,189,56,volcanoes,Drake
1744,0,0,238,51,water,Serpent
1745,4,2,207,66,volcanoes,Drake
1746,4,0,234,51,water,Serpent
1747,2,2,126,198,volcanoes,Wyvern
1748,4,0,314,39,cave,Wyrm
1749,4,0,303,36,swamp,Wyrm
1750,0,0,232,56,woods,Serpent
1751,0,4,314,107,air,Flying Serpent
1752,0,4,302,102,air,Flying Serpent
1753,4,6,157,99,cave,Dragon
1754,2,4,117,195,volcanoes,Wyvern
1755,2,2,211,72,volcanoes,Drake
1756,0,4,264,117,air,Flying Serpent
1757,0,0,248,73,water,Serpent
1758,4,0,216,70,water,Serpent
1759,4,6,167,88,mountain,Dragon
1760,2,4,141,212,volcanoes,Wyvern
1761,2,2,220,71,volcanoes,Drake
1762,0,0,224,70,woods,Serpent
1763,4,6,157,81,volcanoes,Dragon
1764,4,0,234,78,air,Serpent
1765,4,0,329,36,cave,Wyrm
1766,4,2,208,66,volcanoes,Drake
1767,2,2,119,183,volcanoes,Wyvern
1768,4,0,330,35,swamp,Wyrm
1769,4,0,241,55,air,Serpent
1770,0,0,239,61,water,Serpent
1771,4,0,325,48,swamp,Wyrm
1772,4,0,296,45,swamp,Wyrm
1773,4,2,211,69,desert,Drake
1774,4,0,325,45,swamp,Wyrm
1775,2,2,122,178,volcanoes,Wyvern
1776,4,2,188,63,desert,Drake
1777,4,4,160,88,mountain,Dragon
1778,4,0,231,79,swamp,Serpent
1779,0,2,269,99,air,Flying Serpent
1780,4,4,150,84,cave,Dragon
1781,0,0,219,59,water,Serpent
1782,2,2,195,66,volcanoes,Drake
1783,4,0,344,42,swamp,Wyrm
1784,4,2,210,74,water,Drake
1785,4,4,148,70,mountain,Dragon
1786,4,6,131,82,cave,Dragon
1787,2,2,115,202,volcanoes,Wyvern
1788,0,0,241,50,woods,Serpent
1789,4,0,343,47,cave,Wyrm
1790,4,0,322,40,swamp,Wyrm
1791,4,2,211,53,water,Drake
1792,2,4,146,221,volcanoes,Wyvern
1793,2,2,219,50,desert,Drake
1794,4,0,324,37,cave,Wyrm
1795,2,2,135,183,volcanoes,Wyvern
1796,2,4,128,221,volcanoes,Wyvern
1797,4,0,313,49,cave,Wyrm
1798,4,4,168,92,cave,Dragon
1799,2,2,142,206,volcanoes,Wyvern
1800,4,2,202,54,desert,Drake
1801,4,2,188,67,volcanoes,Drake
1802,4,0,321,40,cave,Wyrm
1803,2,4,130,192,volcanoes,Wyvern
1804,4,2,198,56,desert,Drake
1805,0,4,256,105,air,Flying Serpent
1806,0,2,295,120,air,Flying Serpent
1807,4,0,244,69,water,Serpent
1808,2,2,220,72,volcanoes,Drake
1809,0,0,216,50,swamp,Serpent
1810,4,2,196,50,water,Drake
1811,0,0,222,62,air,Serpent
1812,4,0,299,48,swamp,Wyrm
1813,0,2,277,113,air,Flying Serpent
1814,4,0,343,46,cave,Wyrm
1815,4,0,306,49,swamp,Wyrm
1816,2,2,195,71,desert,Drake
1817,0,4,276,108,air,Flying Serpent
1818,0,2,268,121,air,Flying Serpent
1819,4,0,220,51,swamp,Serpent
1820,2,2,121,184,volcanoes,Wyvern
1821,4,2,148,68,volcanoes,Dragon
1822,0,0,218,73,woods,Serpent
1823,4,0,315,36,swamp,Wyrm
1824,4,2,168,71,mountain,Dragon
1825,0,0,235,54,water,Serpent
1826,2,2,146,208,volcanoes,Wyvern
1827,4,0,335,38,cave,Wyrm
1828,2,2,137,178,volcanoes,Wyvern
1829,0,0,220,61,woods,Serpent
1830,2,4,123,187,volcanoes,Wyvern
1831,2,4,117,215,volcanoes,Wyvern
1832,0,2,302,111,air,Flying Serpent
1833,4,0,335,42,swamp,Wyrm
1834,0,0,246,58,air,Serpent
1835,0,2,272,118,air,Flying Serpent
1836,0,2,261,101,air,Flying Serpent
1837,2,2,215,64,water,Drake
1838,4,4,147,73,cave,Dragon
1839,2,2,207,67,desert,Drake
1840,4,2,160,85,volcanoes,Dragon
1841,4,0,337,43,swamp,Wyrm
1842,4,4,167,94,volcanoes,Dragon
1843,2,2,117,181,volcanoes,Wyvern
1844,4,2,165,71,cave,Dragon
1845,4,0,322,47,swamp,Wyrm
1846,4,2,199,54,desert,Drake
1847,2,2,136,188,volcanoes,Wyvern
1848,4,6,133,66,mountain,Dragon
1849,0,4,275,123,air,Flying Serpent
1850,4,0,296,45,cave,Wyrm
1851,2,4,118,183,volcanoes,Wyvern
1852,2,2,222,57,volcanoes,Drake
1853,0,2,282,114,air,Flying Serpent
1854,0,0,228,79,air,Serpent
1855,4,0,323,42,cave,Wyrm
1856,4,4,162,90,volcanoes,Dragon
1857,2,4,115,202,volcanoes,Wyvern
1858,4,0,302,49,cave,Wyrm
1859,0,4,264,119,air,Flying Serpent
1860,0,0,238,57,swamp,Serpent
1861,4,4,149,94,mountain,Dragon
1862,4,2,215,59,desert,Drake
1863,2,2,129,211,volcanoes,Wyvern
1864,2,2,139,206,volcanoes,Wyvern
1865,2,4,138,194,volcanoes,Wyvern
1866,4,4,173,80,volcanoes,Dragon
1867,4,6,134,74,cave,Dragon
1868,0,0,233,73,water,Serpent
1869,4,0,343,36,cave,Wyrm
1870,2,2,217,66,volcanoes,Drake
1871,0,2,286,102,air,Flying Serpent
1872,4,0,329,44,cave,Wyrm
1873,4,2,155,96,mountain,Dragon
1874,4,0,235,75,woods,Serpent
1875,2,2,116,181,volcanoes,Wyvern
1876,4,4,132,72,mountain,Dragon
1877,4,2,222,61,volcanoes,Drake
1878,0,0,222,65,water,Serpent
1879,4,0,308,37,cave,Wyrm
1880,2,2,134,211,volcanoes,Wyvern
1881,2,2,219,53,desert,Drake
1882,4,2,202,56,volcanoes,Drake
1883,0,2,263,122,air,Flying Serpent
1884,0,2,278,99,air,Flying Serpent
1885,0,0,238,56,air,Serpent
1886,4,0,237,54,water,Serpent
1887,4,2,203,58,volcanoes,Drake
1888,0,4,282,110,air,Flying Serpent
1889,4,2,188,59,volcanoes,Drake
1890,4,2,219,57,volcanoes,Drake
1891,2,2,147,178,volcanoes,Wyvern
1892,4,2,137,71,volcanoes,Dragon
1893,2,2,132,197,volcanoes,Wyvern
1894,0,4,303,113,air,Flying Serpent
1895,4,6,166,78,mountain,Dragon
1896,4,2,152,97,mountain,Dragon
1897,4,0,247,50,water,Serpent
1898,4,6,161,73,cave,Dragon
1899,4,0,236,68,swamp,Serpent
1900,4,4,147,86,volcanoes,Dragon
1901,4,0,242,70,water,Serpent
1902,4,0,301,48,cave,Wyrm
1903,4,0,327,42,cave,Wyrm
1904,4,2,162,78,cave,Dragon
1905,4,0,219,51,woods,Serpent
1906,2,2,126,188,volcanoes,Wyvern
1907,4,6,163,83,cave,Dragon
1908,0,2,273,121,air,Flying Serpent
1909,4,2,150,76,cave,Dragon
1910,2,2,133,214,volcanoes,Wyvern
1911,2,2,186,56,volcanoes,Drake
1912,2,2,117,211,volcanoes,Wyvern
1913,2,4,126,215,volcanoes,Wyvern
1914,4,6,126,99,cave,Dragon
1915,0,2,277,100,air,Flying Serpent
1916,2,4,116,216,volcanoes,Wyvern
1917,0,4,284,110,air,Flying Serpent
1918,2,2,217,72,volcanoes,Drake
1919,0,0,232,56,swamp,Serpent
1920,4,0,307,45,cave,Wyrm
1921,4,0,330,44,cave,Wyrm
1922,4,0,308,46,swamp,Wyrm
1923,4,2,140,87,mountain,Dragon
1924,2,4,122,223,volcanoes,Wyvern
1925,0,2,258,100,air,Flying Serpent
1926,4,0,232,60,air,Serpent
1927,4,0,299,43,cave,Wyrm
1928,2,2,186,72,volcanoes,Drake
1929,4,6,166,79,cave,Dragon
1930,2,4,130,212,volcanoes,Wyvern
1931,4,0,324,43,swamp,Wyrm
1932,0,2,270,114,air,Flying Serpent
1933,2,4,135,208,volcanoes,Wyvern
1934,4,6,155,92,cave,Dragon
1935,0,4,255,99,air,Flying Serpent
1936,4,0,241,78,woods,Serpent
1937,2,2,131,221,volcanoes,Wyvern
1938,4,6,165,95,mountain,Dragon
1939,2,2,118,192,volcanoes,Wyvern
1940,4,0,318,45,swamp,Wyrm
1941,0,0,230,65,swamp,Serpent
1942,4,0,312,39,swamp,Wyrm
1943,2,4,131,207,volcanoes,Wyvern
1944,4,4,126,93,mountain,Dragon
1945,4,0,341,36,cave,Wyrm
1946,0,2,290,106,air,Flying Serpent
1947,2,4,145,210,volcanoes,Wyvern
1948,4,0,233,77,swamp,Serpent
1949,0,0,246,62,air,Serpent
1950,0,0,215,63,water,Serpent
1951,2,2,213,70,water,Drake
1952,4,6,132,94,mountain,Dragon
1953,2,2,144,181,volcanoes,Wyvern
1954,2,2,193,65,water,Drake
1955,0,4,261,107,air,Flying Serpent
1956,4,0,303,42,swamp,Wyrm
1957,0,4,277,109,air,Flying Serpent
1958,2,2,124,189,volcanoes,Wyvern
1959,4,0,248,53,swamp,Serpent
1960,2,2,191,55,water,Drake
1961,4,0,323,43,cave,Wyrm
1962,2,2,137,219,volcanoes,Wyvern
1963,0,0,237,53,air,Serpent
1964,2,2,211,64,desert,Drake
1965,4,0,225,54,swamp,Serpent
1966,4,6,148,65,volcanoes,Dragon
1967,4,0,297,37,swamp,Wyrm
1968,4,0,237,63,air,Serpent
1969,0,0,227,69,air,Serpent
1970,4,0,327,37,cave,Wyrm
1971,2,2,125,202,volcanoes,Wyvern
1972,0,4,252,104,air,Flying Serpent
1973,0,4,313,103,air,Flying Serpent
1974,2,2,221,62,desert,Drake
1975,4,0,295,40,swamp,Wyrm
1976,4,4,157,65,volcanoes,Dragon
1977,2,2,136,181,volcanoes,Wyvern
1978,0,2,294,102,air,Flying Serpent
1979,4,6,151,88,volcanoes,Dragon
1980,4,0,236,70,woods,Serpent
1981,2,2,115,214,volcanoes,Wyvern
1982,4,2,166,66,cave,Dragon
1983,2,2,122,196,volcanoes,Wyvern
1984,4,2,203,56,desert,Drake
1985,2,4,125,193,volcanoes,Wyvern
1986,0,2,255,116,air,Flying Serpent
1987,4,2,166,76,volcanoes,Dragon
1988,0,0,235,64,water,Serpent
1989,4,2,171,86,cave,Dragon
1990,4,0,300,42,swamp,Wyrm
1991,4,6,169,73,volcanoes,Dragon
1992,4,4,127,77,mountain,Dragon
1993,2,2,185,71,desert,Drake
1994,4,0,339,45,cave,Wyrm
1995,2,4,116,193,volcanoes,Wyvern
1996,0,2,251,113,air,Flying Serpent
1997,2,4,137,189,volcanoes,Wyvern
1998,0,2,286,115,air,Flying Serpent
1999,0,2,299,108,air,Flying Serpent
2000,4,2,127,79,mountain,Dragon
2001,4,0,311,42,swamp,Wyrm
2002,0,4,313,107,air,Flying Serpent
2003,2,4,141,222,volcanoes,Wyvern
2004,2,4,124,224,volcanoes,Wyvern
2005,4,2,134,94,mountain,Dragon
2006,4,0,230,68,woods,Serpent
2007,4,4,157,94,cave,Dragon
2008,4,0,298,39,swamp,Wyrm
2009,4,0,331,35,cave,Wyrm
2010,2,4,142,215,volcanoes,Wyvern
2011,2,2,116,180,volcanoes,Wyvern
2012,0,4,308,99,air,Flying Serpent
2013,4,2,168,83,cave,Dragon
2014,4,0,312,43,swamp,Wyrm
2015,4,6,152,98,volcanoes,Dragon
2016,4,2,211,69,volcanoes,Drake
2017,4,0,301,39,cave,Wyrm
2018,4,0,337,49,swamp,Wyrm
2019,0,2,266,102,air,Flying Serpent
2020,4,0,311,42,cave,Wyrm
2021,4,2,220,66,water,Drake
2022,4,0,248,59,woods,Serpent
2023,0,2,284,109,air,Flying Serpent
2024,2,2,132,207,volcanoes,Wyvern
2025,4,0,309,36,cave,Wyrm
2026,0,4,284,119,air,Flying Serpent
2027,4,4,153,67,volcanoes,Dragon
2028,0,4,250,113,air,Flying Serpent
2029,4,0,226,74,woods,Serpent
2030,4,0,333,41,cave,Wyrm
2031,4,0,317,46,cave,Wyrm
2032,2,4,142,206,volcanoes,Wyvern
2033,4,0,331,46,cave,Wyrm
2034,4,0,299,36,swamp,Wyrm
2035,4,6,154,93,mountain,Dragon
2036,4,6,131,80,mountain,Dragon
2037,0,2,301,100,air,Flying Serpent
2038,0,2,313,106,air,Flying Serpent
2039,2,2,224,67,volcanoes,Drake
2040,0,2,260,100,air,Flying Serpent
2041,2,2,136,209,volcanoes,Wyvern
2042,2,4,121,181,volcanoes,Wyvern
2043,2,4,145,198,volcanoes,Wyvern
2044,2,2,208,61,volcanoes,Drake
2045,4,0,215,67,water,Serpent
2046,0,0,233,51,water,Serpent
2047,4,2,189,68,desert,Drake
2048,2,2,200,55,water,Drake
2049,4,4,138,72,cave,Dragon
2050,4,0,313,46,cave,Wyrm
2051,4,2,151,80,volcanoes,Dragon
2052,2,4,133,207,volcanoes,Wyvern
2053,4,2,215,74,water,Drake
2054,4,4,131,94,cave,Dragon
2055,4,0,322,47,cave,Wyrm
2056,2,2,129,204,volcanoes,Wyvern
2057,0,4,313,121,air,Flying Serpent
2058,0,0,248,60,swamp,Serpent
2059,0,0,220,58,water,Serpent
2060,4,2,136,95,cave,Dragon
2061,4,2,217,52,desert,Drake
2062,0,2,255,102,air,Flying Serpent
2063,0,2,256,120,air,Flying Serpent
2064,4,0,343,44,swamp,Wyrm
2065,0,2,287,112,air,Flying Serpent
2066,0,4,252,100,air,Flying Serpent
2067,0,0,220,61,air,Serpent
2068,4,0,242,66,woods,Serpent
2069,4,0,315,35,swamp,Wyrm
2070,4,2,142,81,volcanoes,Dragon
2071,0,0,217,75,woods,Serpent
2072,4,4,154,81,volcanoes,Dragon
2073,4,0,297,42,swamp,Wyrm
2074,0,0,228,53,swamp,Serpent
2075,4,2,199,68,volcanoes,Drake
2076,2,2,216,63,volcanoes,Drake
2077,4,2,164,88,cave,Dragon
2078,4,4,127,79,volcanoes,Dragon
2079,4,2,127,95,cave,Dragon
2080,4,0,329,48,swamp,Wyrm
2081,0,2,259,113,air,Flying Serpent
2082,4,0,238,67,swamp,Serpent
2083,2,4,143,192,volcanoes,Wyvern
2084,4,0,302,45,swamp,Wyrm
2085,4,2,159,75,cave,Dragon
2086,4,2,169,90,mountain,Dragon
2087,0,4,273,107,air,Flying Serpent
2088,4,2,172,99,mountain,Dragon
2089,2,2,221,51,desert,Drake
2090,0,4,260,101,air,Flying Serpent
2091,4,6,156,68,mountain,Dragon
2092,2,2,191,62,volcanoes,Drake
2093,4,2,166,99,volcanoes,Dragon
2094,2,4,138,224,volcanoes,Wyvern
2095,4,2,218,52,volcanoes,Drake
2096,4,0,339,42,cave,Wyrm
2097,4,0,322,35,swamp,Wyrm
2098,2,2,127,193,volcanoes,Wyvern
2099,4,6,136,67,volcanoes,Dragon
2100,2,2,146,177,volcanoes,Wyvern
2101,4,2,146,93,volcanoes,Dragon
2102,4,0,303,36,swamp,Wyrm
2103,2,2,130,196,volcanoes,Wyvern
2104,2,4,134,213,volcanoes,Wyvern
2105,4,0,332,42,cave,Wyrm
2106,2,2,195,50,desert,Drake
2107,2,2,129,206,volcanoes,Wyvern
2108,4,0,317,48,cave,Wyrm
2109,4,6,144,70,cave,Dragon
2110,2,2,144,207,volcanoes,Wyvern
2111,2,2,216,67,desert,Drake
2112,2,2,126,196,volcanoes,Wyvern
2113,0,0,242,76,air,Serpent
2114,2,4,128,191,volcanoes,Wyvern
2115,0,0,237,72,air,Serpent
2116,0,2,265,114,air,Flying Serpent
2117,2,4,148,180,volcanoes,Wyvern
2118,0,4,262,121,air,Flying Serpent
2119,4,0,333,43,cave,Wyrm
2120,4,0,332,45,cave,Wyrm
2121,2,2,136,175,volcanoes,Wyvern
2122,0,4,309,99,air,Flying Serpent
2123,4,0,218,74,swamp,Serpent
2124,4,0,306,47,cave,Wyrm
2125,0,2,297,116,air,Flying Serpent
2126,4,2,201,52,volcanoes,Drake
2127,0,4,286,109,air,Flying Serpent
2128,4,0,223,57,air,Serpent
2129,0,2,273,112,air,Flying Serpent
2130,4,0,333,35,swamp,Wyrm
2131,0,0,238,69,air,Serpent
2132,4,0,328,36,cave,Wyrm
2133,4,0,221,67,woods,Serpent
2134,4,2,154,73,volcanoes,Dragon
2135,0,4,289,101,air,Flying Serpent
2136,0,0,238,53,air,Serpent
2137,2,2,209,54,volcanoes,Drake
2138,4,2,202,68,water,Drake
2139,0,4,267,123,air,Flying Serpent
2140,4,0,232,63,woods,Serpent
2141,2,2,118,202,volcanoes,Wyvern
2142,0,2,272,112,air,Flying Serpent
2143,4,6,157,99,volcanoes,Dragon
2144,4,2,167,74,cave,Dragon
2145,0,2,266,119,air,Flying Serpent
2146,4,2,135,73,cave,Dragon
2147,2,2,195,62,desert,Drake
2148,0,0,244,71,swamp,Serpent
2149,2,2,206,61,water,Drake
2150,2,2,133,188,volcanoes,Wyvern
2151,2,2,190,65,desert,Drake
2152,2,2,223,67,desert,Drake
2153,0,0,222,67,woods,Serpent
2154,2,2,124,193,volcanoes,Wyvern
2155,2,4,131,175,volcanoes,Wyvern
2156,0,2,312,106,air,Flying Serpent
2157,4,0,232,51,air,Serpent
2158,4,2,202,52,desert,Drake
2159,4,0,328,41,swamp,Wyrm
2160,4,6,163,93,mountain,Dragon
2161,2,2,196,68,volcanoes,Drake
2162,4,0,297,48,swamp,Wyrm
2163,4,6,150,89,cave,Dragon
2164,0,4,305,107,air,Flying Serpent
2165,0,0,231,57,water,Serpent
2166,2,2,145,218,volcanoes,Wyvern
2167,0,0,223,62,woods,Serpent
2168,4,2,187,61,water,Drake
2169,4,0,340,42,cave,Wyrm
2170,2,4,149,208,volcanoes,Wyvern
2171,4,0,337,35,swamp,Wyrm
2172,0,4,269,103,air,Flying Serpent
2173,4,0,233,70,swamp,Serpent
2174,4,0,314,49,cave,Wyrm
2175,4,0,246,61,swamp,Serpent
2176,4,0,313,37,swamp,Wyrm
2177,2,2,196,64,volcanoes,Drake
2178,4,0,226,61,water,Serpent
2179,0,2,263,107,air,Flying Serpent
2180,4,0,325,42,cave,Wyrm
2181,0,4,252,107,air,Flying Serpent
2182,0,2,258,112,air,Flying Serpent
2183,0,4,292,123,air,Flying Serpent
2184,2,2,214,54,water,Drake
2185,2,2,116,200,volcanoes,Wyvern
2186,4,0,221,58,air,Serpent
2187,0,2,314,121,air,Flying Serpent
2188,4,0,238,72,swamp,Serpent
2189,0,2,312,107,air,Flying Serpent
2190,2,2,146,186,volcanoes,Wyvern
2191,4,0,332,35,swamp,Wyrm
2192,0,4,279,107,air,Flying Serpent
2193,2,2,141,195,volcanoes,Wyvern
2194,0,0,238,50,air,Serpent
2195,0,0,227,69,air,Serpent
2196,0,2,269,112,air,Flying Serpent
2197,0,4,259,109,air,Flying Serpent
2198,2,2,222,69,desert,Drake
2199,4,4,158,67,mountain,Dragon
2200,0,4,298,108,air,Flying Serpent
2201,2,4,129,223,volcanoes,Wyvern
2202,0,2,298,122,air,Flying Serpent
2203,4,6,142,96,mountain,Dragon
2204,4,0,247,79,water,Serpent
2205,0,4,301,103,air,Flying Serpent
2206,2,4,116,208,volcanoes,Wyvern
2207,0,0,247,51,water,Serpent
2208,4,2,171,67,cave,Dragon
2209,4,0,304,45,cave,Wyrm
2210,4,4,149,65,mountain,Dragon
2211,2,2,186,56,water,Drake
2212,4,2,156,95,mountain,Dragon
2213,0,2,314,123,air,Flying Serpent
2214,4,0,333,38,cave,Wyrm
2215,0,4,256,122,air,Flying Serpent
2216,2,2,210,61,volcanoes,Drake
2217,4,0,235,69,swamp,Serpent
2218,4,0,304,41,cave,Wyrm
2219,0,4,311,101,air,Flying Serpent
2220,4,0,243,78,woods,Serpent
2221,4,2,192,68,volcanoes,Drake
2222,0,2,291,106,air,Flying Serpent
2223,4,0,305,49,cave,Wyrm
2224,4,2,214,58,water,Drake
2225,4,2,206,67,volcanoes,Drake
2226,2,4,120,176,volcanoes,Wyvern
2227,0,0,223,77,air,Serpent
2228,2,2,187,63,volcanoes,Drake
2229,4,0,228,76,air,Serpent
2230,0,0,249,52,water,Serpent
2231,4,4,150,76,mountain,Dragon
2232,2,2,143,204,volcanoes,Wyvern
2233,0,4,274,104,air,Flying Serpent
2234,2,2,220,51,desert,Drake
2235,4,0,326,43,cave,Wyrm
2236,0,2,261,103,air,Flying Serpent
2237,4,0,248,60,water,Serpent
2238,0,4,291,114,air,Flying Serpent
2239,4,4,138,75,volcanoes,Dragon
2240,4,0,238,76,swamp,Serpent
2241,0,4,303,101,air,Flying Serpent
2242,4,0,311,37,swamp,Wyrm
2243,0,2,250,113,air,Flying Serpent
2244,4,2,195,52,water,Drake
2245,4,0,298,48,cave,Wyrm
2246,2,2,129,206,volcanoes,Wyvern
2247,0,0,226,58,air,Serpent
2248,2,4,115,188,volcanoes,Wyvern
2249,0,0,241,70,woods,Serpent
2250,2,4,133,176,volcanoes,Wyvern
2251,2,2,140,187,volcanoes,Wyvern
2252,0,0,229,78,woods,Serpent
2253,4,0,237,53,swamp,Serpent
2254,0,2,284,116,air,Flying Serpent
2255,2,4,136,207,volcanoes,Wyvern
2256,4,6,158,78,mountain,Dragon
2257,0,4,259,103,air,Flying Serpent
2258,0,4,267,104,air,Flying Serpent
2259,4,0,312,36,swamp,Wyrm
2260,2,2,118,183,volcanoes,Wyvern
2261,2,2,138,206,volcanoes,Wyvern
2262,0,0,249,57,swamp,Serpent
2263,4,0,332,48,cave,Wyrm
2264,0,2,293,116,air,Flying Serpent
2265,0,0,232,68,water,Serpent
2266,0,4,314,118,air,Flying Serpent
2267,2,2,186,65,water,Drake
2268,4,6,155,88,cave,Dragon
2269,0,2,298,107,air,Flying Serpent
2270,2,2,139,196,volcanoes,Wyvern
2271,4,0,306,39,cave,Wyrm
2272,4,0,329,37,swamp,Wyrm
2273,0,0,228,67,air,Serpent
2274,2,4,135,193,volcanoes,Wyvern
2275,2,2,135,219,volcanoes,Wyvern
2276,4,2,185,50,water,Drake
2277,2,4,115,205,volcanoes,Wyvern
2278,4,2,205,54,desert,Drake
2279,4,2,215,74,volcanoes,Drake
2280,0,2,257,113,air,Flying Serpent
2281,0,0,248,55,woods,Serpent
2282,0,0,220,55,woods,Serpent
2283,2,4,149,185,volcanoes,Wyvern
2284,0,2,271,110,air,Flying Serpent
2285,4,2,161,67,volcanoes,Dragon
2286,4,0,242,65,air,Serpent
2287,0,4,259,101,air,Flying Serpent
2288,0,0,246,55,woods,Serpent
2289,0,4,252,99,air,Flying Serpent
2290,4,0,344,37,swamp,Wyrm
2291,4,0,246,50,water,Serpent
2292,0,2,286,124,air,Flying Serpent
2293,2,2,130,191,volcanoes,Wyvern
2294,2,4,117,206,volcanoes,Wyvern
2295,4,6,161,86,cave,Dragon
2296,4,0,317,48,swamp,Wyrm
2297,0,2,267,114,air,Flying Serpent
2298,4,0,249,60,water,Serpent
2299,4,0,316,44,swamp,Wyrm
2300,0,4,267,118,air,Flying Serpent
2301,4,4,127,77,cave,Dragon
2302,0,2,252,99,air,Flying Serpent
2303,2,4,128,179,volcanoes,Wyvern
2304,4,0,295,39,cave,Wyrm
2305,2,2,126,189,volcanoes,Wyvern
2306,0,4,288,108,air,Flying Serpent
2307,2,2,215,71,volcanoes,Drake
2308,0,0,218,56,water,Serpent
2309,2,2,136,207,volcanoes,Wyvern
2310,4,0,219,52,air,Serpent
2311,4,0,316,40,swamp,Wyrm
2312,0,0,230,68,water,Serpent
2313,0,2,301,115,air,Flying Serpent
2314,2,2,191,54,water,Drake
2315,4,4,139,68,volcanoes,Dragon
2316,4,0,216,61,woods,Serpent
2317,4,0,234,56,swamp,Serpent
2318,4,2,161,76,cave,Dragon
2319,4,0,309,46,swamp,Wyrm
2320,0,4,280,101,air,Flying Serpent
2321,4,4,132,84,volcanoes,Dragon
2322,0,4,299,116,air,Flying Serpent
2323,0,2,251,116,air,Flying Serpent
2324,0,0,225,64,swamp,Serpent
2325,2,4,124,210,volcanoes,Wyvern
2326,2,2,224,74,desert,Drake
2327,2,2,192,61,volcanoes,Drake
2328,0,2,271,112,air,Flying Serpent
2329,0,2,304,107,air,Flying Serpent
2330,2,2,193,66,volcanoes,Drake
2331,4,4,150,81,mountain,Dragon
2332,0,2,306,105,air,Flying Serpent
2333,2,4,133,195,volcanoes,Wyvern
2334,4,0,220,52,air,Serpent
2335,4,0,316,42,cave,Wyrm
2336,4,2,196,52,desert,Drake
2337,4,2,161,87,mountain,Dragon
2338,4,4,160,90,volcanoes,Dragon
2339,4,4,160,94,volcanoes,Dragon
2340,4,0,321,38,cave,Wyrm
2341,4,0,240,76,air,Serpent
2342,0,2,311,111,air,Flying Serpent
2343,0,2,286,107,air,Flying Serpent
2344,4,2,192,55,desert,Drake
2345,2,4,142,184,volcanoes,Wyvern
2346,0,0,249,74,swamp,Serpent
2347,4,0,224,77,swamp,Serpent
2348,4,2,189,50,desert,Drake
2349,4,2,145,68,volcanoes,Dragon
2350,4,4,171,76,mountain,Dragon
2351,4,0,232,56,swamp,Serpent
2352,2,2,222,65,volcanoes,Drake
2353,4,0,231,77,water,Serpent
2354,4,4,168,78,volcanoes,Dragon
2355,2,4,129,220,volcanoes,Wyvern
2356,2,2,187,57,desert,Drake
2357,0,2,282,121,air,Flying Serpent
2358,4,0,307,43,swamp,Wyrm
2359,4,2,201,70,water,Drake
2360,0,4,283,123,air,Flying Serpent
2361,4,0,306,35,swamp,Wyrm
2362,4,0,218,62,water,Serpent
2363,0,0,240,54,swamp,Serpent
2364,2,2,192,54,water,Drake
2365,4,2,188,59,volcanoes,Drake
2366,4,0,337,38,cave,Wyrm
2367,4,2,208,59,desert,Drake
2368,4,0,295,36,cave,Wyrm
2369,4,0,220,75,swamp,Serpent
2370,4,0,338,42,cave,Wyrm
2371,0,2,294,123,air,Flying Serpent
2372,0,0,216,71,air,Serpent
2373,0,4,291,105,air,Flying Serpent
2374,4,0,249,67,swamp,Serpent
2375,2,4,133,209,volcanoes,Wyvern
2376,4,0,227,79,woods,Serpent
2377,4,6,144,91,cave,Dragon
2378,4,2,209,63,volcanoes,Drake
2379,4,2,165,75,cave,Dragon
2380,0,4,273,112,air,Flying Serpent
2381,4,4,147,94,volcanoes,Dragon
2382,4,0,229,71,air,Serpent
2383,0,4,256,116,air,Flying Serpent
2384,2,4,140,184,volcanoes,Wyvern
2385,2,2,147,202,volcanoes,Wyvern
2386,0,4,255,124,air,Flying Serpent
2387,0,2,303,101,air,Flying Serpent
2388,2,4,148,186,volcanoes,Wyvern
2389,0,4,266,116,air,Flying Serpent
2390,0,2,289,106,air,Flying Serpent
2391,2,2,134,194,volcanoes,Wyvern
2392,2,4,137,194,volcanoes,Wyvern
2393,2,2,206,55,desert,Drake
2394,0,0,246,77,air,Serpent
2395,2,2,122,199,volcanoes,Wyvern
2396,4,2,222,51,desert,Drake
2397,4,2,187,70,desert,Drake
2398,4,4,169,78,mountain,Dragon
2399,4,0,308,37,swamp,Wyrm
2400,2,4,149,193,volcanoes,Wyvern
2401,2,2,196,67,desert,Drake
2402,4,0,229,64,air,Serpent
2403,4,0,327,37,cave,Wyrm
2404,0,2,258,112,air,Flying Serpent
2405,4,0,333,46,cave,Wyrm
2406,4,0,226,79,air,Serpent
2407,4,0,329,42,swamp,Wyrm
2408,4,0,322,49,swamp,Wyrm
2409,4,0,332,35,swamp,Wyrm
2410,4,2,137,68,cave,Dragon
2411,4,2,212,51,volcanoes,Drake
2412,4,2,185,52,water,Drake
2413,2,4,122,217,volcanoes,Wyvern
2414,0,0,229,52,water,Serpent
2415,4,0,312,39,swamp,Wyrm
2416,0,2,296,102,air,Flying Serpent
2417,4,2,128,74,mountain,Dragon
2418,0,2,254,120,air,Flying Serpent
2419,4,0,335,45,cave,Wyrm
2420,4,2,193,66,desert,Drake
2421,0,0,221,65,air,Serpent
2422,4,2,162,67,cave,Dragon
2423,0,2,263,111,air,Flying Serpent
2424,4,2,224,65,desert,Drake
2425,2,2,224,72,water,Drake
2426,4,4,156,90,volcanoes,Dragon
2427,4,2,217,56,volcanoes,Drake
2428,2,2,194,53,desert,Drake
2429,0,4,255,108,air,Flying Serpent
2430,0,4,308,124,air,Flying Serpent
2431,2,2,210,53,volcanoes,Drake
2432,0,0,246,60,woods,Serpent
2433,4,0,318,39,swamp,Wyrm
2434,4,0,334,42,swamp,Wyrm
2435,2,2,212,54,volcanoes,Drake
2436,4,0,322,35,swamp,Wyrm
2437,4,0,319,42,swamp,Wyrm
2438,0,4,306,104,air,Flying Serpent
2439,4,2,208,53,water,Drake
2440,0,4,314,99,air,Flying Serpent
2441,4,0,341,39,swamp,Wyrm
2442,4,0,312,39,cave,Wyrm
2443,4,2,216,54,volcanoes,Drake
2444,2,2,200,56,desert,Drake
2445,4,2,140,79,volcanoes,Dragon
2446,0,4,295,110,air,Flying Serpent
2447,2,2,219,53,water,Drake
2448,0,0,249,51,woods,Serpent
2449,2,4,142,213,volcanoes,Wyvern
2450,4,0,332,37,swamp,Wyrm
2451,4,0,297,39,swamp,Wyrm
2452,2,4,142,193,volcanoes,Wyvern
2453,0,2,311,102,air,Flying Serpent
2454,0,4,252,119,air,Flying Serpent
2455,2,2,215,64,water,Drake
2456,0,0,240,76,woods,Serpent
2457,4,2,204,70,water,Drake
2458,4,0,300,46,swamp,Wyrm
2459,4,0,317,49,cave,Wyrm
2460,0,2,253,108,air,Flying Serpent
2461,2,2,137,190,volcanoes,Wyvern
2462,4,0,322,47,swamp,Wyrm
2463,0,2,307,106,air,Flying Serpent
2464,4,2,137,77,cave,Dragon
2465,4,2,197,65,volcanoes,Drake
2466,0,2,287,112,air,Flying Serpent
2467,2,2,194,51,volcanoes,Drake
2468,4,4,168,86,mountain,Dragon
2469,0,2,309,113,air,Flying Serpent
2470,4,0,242,74,air,Serpent
2471,0,4,262,124,air,Flying Serpent
2472,4,0,342,49,swamp,Wyrm
2473,4,0,321,44,cave,Wyrm
2474,4,0,303,46,cave,Wyrm
2475,2,2,218,70,volcanoes,Drake
2476,4,0,300,36,cave,Wyrm
2477,2,2,123,205,volcanoes,Wyvern
2478,4,4,157,81,volcanoes,Dragon
2479,4,2,217,70,water,Drake
2480,2,2,143,181,volcanoes,Wyvern
2481,2,4,148,210,volcanoes,Wyvern
2482,2,4,132,179,volcanoes,Wyvern
2483,4,0,298,40,cave,Wyrm
2484,2,2,214,59,volcanoes,Drake
2485,2,2,141,182,volcanoes,Wyvern
2486,4,4,170,83,cave,Dragon
2487,4,0,332,46,cave,Wyrm
2488,0,2,277,121,air,Flying Serpent
2489,4,0,344,41,swamp,Wyrm
2490,0,0,243,57,air,Serpent
2491,0,0,233,63,water,Serpent
2492,2,2,124,201,volcanoes,Wyvern
2493,4,2,145,66,volcanoes,Dragon
2494,4,2,213,63,water,Drake
2495,0,4,257,112,air,Flying Serpent
2496,4,0,333,39,swamp,Wyrm
2497,0,2,299,105,air,Flying Serpent
2498,0,0,222,79,water,Serpent
2499,4,2,172,84,mountain,Dragon
2500,0,2,254,103,air,Flying Serpent
2501,4,0,229,71,air,Serpent
2502,2,2,117,206,volcanoes,Wyvern
2503,4,0,228,56,swamp,Serpent
2504,4,0,321,44,cave,Wyrm
2505,4,0,325,39,cave,Wyrm
2506,4,0,304,48,swamp,Wyrm
2507,4,0,321,35,swamp,Wyrm
2508,4,0,224,64,swamp,Serpent
2509,4,2,138,92,volcanoes,Dragon
2510,0,2,277,123,air,Flying Serpent
2511,4,0,238,61,air,Serpent
2512,2,2,214,57,volcanoes,Drake
2513,4,2,166,65,volcanoes,Dragon
2514,2,2,199,51,water,Drake
2515,4,0,221,77,water,Serpent
2516,4,0,325,37,cave,Wyrm
2517,0,2,270,114,air,Flying Serpent
2518,4,0,296,47,cave,Wyrm
2519,4,2,155,86,mountain,Dragon
2520,2,2,208,69,volcanoes,Drake
2521,4,2,171,88,volcanoes,Dragon
2522,2,2,223,60,water,Drake
2523,0,0,222,73,water,Serpent
2524,2,4,132,223,volcanoes,Wyvern
2525,2,2,117,181,volcanoes,Wyvern
2526,4,0,326,46,cave,Wyrm
2527,0,4,263,102,air,Flying Serpent
2528,0,2,300,114,air,Flying Serpent
2529,0,2,294,123,air,Flying Serpent
2530,4,2,200,64,volcanoes,Drake
2531,4,0,233,63,air,Serpent
2532,4,6,141,89,volcanoes,Dragon
2533,0,4,291,113,air,Flying Serpent
2534,2,4,141,195,volcanoes,Wyvern
2535,4,4,143,94,mountain,Dragon
2536,0,2,283,111,air,Flying Serpent
2537,4,2,202,59,volcanoes,Drake
2538,0,4,262,107,air,Flying Serpent
2539,4,2,223,70,desert,Drake
2540,2,2,191,62,volcanoes,Drake
2541,4,2,216,64,desert,Drake
2542,4,0,332,47,swamp,Wyrm
2543,4,0,311,46,swamp,Wyrm
2544,2,4,149,176,volcanoes,Wyvern
2545,4,2,214,50,volcanoes,Drake
2546,2,2,125,198,volcanoes,Wyvern
2547,2,4,127,221,volcanoes,Wyvern
2548,2,2,211,70,water,Drake
2549,0,0,249,66,woods,Serpent
2550,0,4,283,103,air,Flying Serpent
2551,2,4,123,200,volcanoes,Wyvern
2552,4,0,235,71,swamp,Serpent
2553,4,0,229,70,woods,Serpent
2554,0,2,281,116,air,Flying Serpent
2555,4,6,148,71,cave,Dragon
2556,2,2,147,220,volcanoes,Wyvern
2557,2,2,144,180,volcanoes,Wyvern
2558,2,4,139,186,volcanoes,Wyvern
2559,0,0,226,53,air,Serpent
2560,4,2,193,72,desert,Drake
2561,0,2,262,116,air,Flying Serpent
2562,0,4,307,103,air,Flying Serpent
2563,4,0,338,46,cave,Wyrm
2564,0,0,226,78,water,Serpent
2565,0,0,249,59,water,Serpent
2566,4,0,299,42,swamp,Wyrm
2567,4,0,314,42,swamp,Wyrm
2568,2,2,120,192,volcanoes,Wyvern
2569,4,6,159,83,mountain,Dragon
2570,2,2,204,66,desert,Drake
2571,0,0,240,50,swamp,Serpent
2572,0,4,278,101,air,Flying Serpent
2573,4,0,230,61,air,Serpent
2574,4,4,167,82,cave,Dragon
2575,0,0,249,55,woods,Serpent
2576,2,4,141,190,volcanoes,Wyvern
2577,2,4,145,198,volcanoes,Wyvern
2578,4,0,307,43,swamp,Wyrm
2579,2,4,125,189,volcanoes,Wyvern
2580,0,4,293,99,air,Flying Serpent
2581,4,2,146,80,volcanoes,Dragon
2582,2,2,125,179,volcanoes,Wyvern
2583,2,4,120,215,volcanoes,Wyvern
2584,4,2,192,60,water,Drake
2585,2,2,200,63,desert,Drake
2586,2,4,116,218,volcanoes,Wyvern
2587,4,4,157,97,volcanoes,Dragon
2588,0,2,276,106,air,Flying Serpent
2589,4,4,172,97,mountain,Dragon
2590,2,2,144,187,volcanoes,Wyvern
2591,0,4,272,120,air,Flying Serpent
2592,4,6,139,96,volcanoes,Dragon
2593,4,0,317,42,cave,Wyrm
2594,4,2,131,93,volcanoes,Dragon
2595,4,2,169,74,volcanoes,Dragon
2596,0,2,274,111,air,Flying Serpent
2597,4,0,245,56,water,Serpent
2598,4,2,126,87,cave,Dragon
2599,2,4,119,211,volcanoes,Wyvern
2600,4,0,334,38,swamp,Wyrm
2601,0,4,307,101,air,Flying Serpent
2602,4,0,215,65,swamp,Serpent
2603,0,2,263,124,air,Flying Serpent
2604,4,0,324,41,swamp,Wyrm
2605,4,0,316,40,swamp,Wyrm
2606,2,4,147,218,volcanoes,Wyvern
2607,2,4,145,191,volcanoes,Wyvern
2608,4,0,329,48,cave,Wyrm
2609,0,2,290,116,air,Flying Serpent
2610,4,6,162,69,cave,Dragon
2611,2,2,123,189,volcanoes,Wyvern
2612,0,0,249,59,swamp,Serpent
2613,4,0,297,47,cave,Wyrm
2614,2,2,124,204,volcanoes,Wyvern
2615,4,2,211,56,water,Drake
2616,2,2,209,65,volcanoes,Drake
2617,2,4,128,213,volcanoes,Wyvern
2618,0,4,283,105,air,Flying Serpent
2619,4,0,309,39,swamp,Wyrm
2620,2,2,197,61,water,Drake
2621,4,0,318,49,cave,Wyrm
2622,4,6,127,93,mountain,Dragon
2623,2,2,120,219,volcanoes,Wyvern
2624,4,0,298,49,swamp,Wyrm
2625,4,0,312,46,cave,Wyrm
2626,4,0,241,76,woods,Serpent
2627,4,2,195,68,volcanoes,Drake
2628,2,2,117,215,volcanoes,Wyvern
2629,4,4,159,85,cave,Dragon
2630,2,4,136,221,volcanoes,Wyvern
2631,4,2,150,92,volcanoes,Dragon
2632,4,4,135,87,cave,Dragon
2633,4,2,171,74,volcanoes,Dragon
2634,4,0,307,36,cave,Wyrm
2635,4,2,210,66,water,Drake
2636,4,0,223,59,air,Serpent
2637,4,0,318,37,swamp,Wyrm
2638,2,2,211,52,volcanoes,Drake
2639,4,2,198,71,water,Drake
2640,0,0,245,78,water,Serpent
2641,4,2,202,61,volcanoes,Drake
2642,2,2,136,185,volcanoes,Wyvern
2643,4,0,299,49,cave,Wyrm
2644,2,2,201,58,volcanoes,Drake
2645,0,2,256,107,air,Flying Serpent
2646,4,0,230,77,woods,Serpent
2647,2,2,213,56,volcanoes,Drake
2648,4,0,328,36,cave,Wyrm
2649,4,2,162,67,mountain,Dragon
2650,4,0,221,56,air,Serpent
2651,0,0,233,56,woods,Serpent
2652,4,0,318,39,cave,Wyrm
2653,0,0,238,50,swamp,Serpent
2654,4,0,230,58,water,Serpent
2655,0,0,215,74,woods,Serpent
2656,2,4,119,219,volcanoes,Wyvern
2657,0,4,290,105,air,Flying Serpent
2658,4,0,318,42,swamp,Wyrm
2659,4,4,151,75,volcanoes,Dragon
2660,4,6,162,97,mountain,Dragon
2661,4,2,196,53,volcanoes,Drake
2662,0,2,257,102,air,Flying Serpent
2663,2,4,144,185,volcanoes,Wyvern
2664,2,4,149,201,volcanoes,Wyvern
2665,0,0,221,68,water,Serpent
2666,4,2,140,91,mountain,Dragon
2667,2,2,211,54,water,Drake
2668,4,2,158,83,cave,Dragon
2669,4,0,307,36,swamp,Wyrm
2670,4,0,342,35,swamp,Wyrm
2671,0,0,223,67,swamp,Serpent
2672,4,0,342,39,cave,Wyrm
2673,4,0,319,44,swamp,Wyrm
2674,4,6,137,74,cave,Dragon
2675,0,4,290,104,air,Flying Serpent
2676,0,4,254,123,air,Flying Serpent
2677,4,0,340,37,swamp,Wyrm
2678,0,0,239,74,swamp,Serpent
2679,2,4,120,214,volcanoes,Wyvern
2680,4,0,246,77,water,Serpent
2681,4,0,304,35,cave,Wyrm
2682,0,0,224,72,swamp,Serpent
2683,2,2,198,71,water,Drake
2684,0,2,311,100,air,Flying Serpent
2685,2,2,214,58,water,Drake
2686,2,4,136,221,volcanoes,Wyvern
2687,0,2,263,123,air,Flying Serpent
2688,4,0,301,39,cave,Wyrm
2689,0,0,219,75,swamp,Serpent
2690,4,2,152,68,cave,Dragon
2691,0,4,271,105,air,Flying Serpent
2692,4,4,154,83,cave,Dragon
2693,4,0,234,56,woods,Serpent
2694,4,0,301,47,swamp,Wyrm
2695,4,0,325,37,swamp,Wyrm
2696,0,0,223,70,swamp,Serpent
2697,4,0,312,38,swamp,Wyrm
2698,4,4,135,96,volcanoes,Dragon
2699,4,0,296,43,swamp,Wyrm
2700,4,0,317,46,swamp,Wyrm
2701,0,4,254,103,air,Flying Serpent
2702,2,2,121,191,volcanoes,Wyvern
2703,0,2,275,118,air,Flying Serpent
2704,4,4,161,77,mountain,Dragon
2705,0,0,222,61,woods,Serpent
2706,4,4,127,71,mountain,Dragon
2707,0,2,264,119,air,Flying Serpent
2708,2,2,186,51,desert,Drake
2709,4,0,234,60,air,Serpent
2710,2,2,143,212,volcanoes,Wyvern
2711,4,4,147,92,cave,Dragon
2712,4,0,307,43,cave,Wyrm
2713,0,0,249,66,water,Serpent
2714,2,2,116,188,volcanoes,Wyvern
2715,4,0,237,57,water,Serpent
2716,0,0,245,62,air,Serpent
2717,4,6,142,88,volcanoes,Dragon
2718,0,2,295,106,air,Flying Serpent
2719,2,4,143,180,volcanoes,Wyvern
2720,0,4,305,105,air,Flying Serpent
2721,4,0,329,45,cave,Wyrm
2722,2,2,133,187,volcanoes,Wyvern
2723,2,4,137,203,volcanoes,Wyvern
2724,0,0,216,63,air,Serpent
2725,2,2,141,207,volcanoes,Wyvern
2726,4,0,313,45,swamp,Wyrm
2727,2,2,146,187,volcanoes,Wyvern
2728,2,4,115,180,volcanoes,Wyvern
2729,4,0,340,45,cave,Wyrm
2730,4,0,339,42,swamp,Wyrm
2731,0,0,248,76,woods,Serpent
2732,0,4,268,119,air,Flying Serpent
2733,0,4,290,110,air,Flying Serpent
2734,4,0,317,42,swamp,Wyrm
2735,0,2,280,108,air,Flying Serpent
2736,2,2,124,212,volcanoes,Wyvern
2737,4,0,329,46,cave,Wyrm
2738,2,4,138,185,volcanoes,Wyvern
2739,4,2,186,71,water,Drake
2740,4,4,156,80,volcanoes,Dragon
2741,4,0,303,43,cave,Wyrm
2742,4,4,134,91,cave,Dragon
2743,2,4,123,191,volcanoes,Wyvern
2744,2,2,197,71,water,Drake
2745,4,2,198,53,water,Drake
2746,4,6,130,96,cave,Dragon
2747,4,0,236,61,water,Serpent
2748,0,2,252,119,air,Flying Serpent
2749,4,0,297,45,swamp,Wyrm
2750,4,6,131,85,volcanoes,Dragon
2751,0,4,271,99,air,Flying Serpent
2752,2,2,215,72,volcanoes,Drake
2753,2,4,125,187,volcanoes,Wyvern
2754,0,4,306,124,air,Flying Serpent
2755,4,6,166,72,volcanoes,Dragon
2756,4,2,160,86,volcanoes,Dragon
2757,4,0,218,79,water,Serpent
2758,2,2,136,218,volcanoes,Wyvern
2759,4,0,334,40,cave,Wyrm
2760,4,2,174,68,mountain,Dragon
2761,4,2,186,63,water,Drake
2762,2,2,208,71,water,Drake
2763,2,2,195,67,desert,Drake
2764,0,2,256,119,air,Flying Serpent
2765,4,0,331,44,cave,Wyrm
2766,4,2,132,76,mountain,Dragon
2767,4,6,133,89,mountain,Dragon
2768,2,2,134,191,volcanoes,Wyvern
2769,4,4,137,76,cave,Dragon
2770,4,2,171,77,mountain,Dragon
2771,4,2,215,59,water,Drake
2772,0,4,261,113,air,Flying Serpent
2773,2,4,128,190,volcanoes,Wyvern
2774,2,4,145,222,volcanoes,Wyvern
2775,4,4,159,68,mountain,Dragon
2776,4,6,137,84,volcanoes,Dragon
2777,4,0,326,46,cave,Wyrm
2778,2,2,223,52,desert,Drake
2779,4,0,219,79,water,Serpent
2780,0,4,280,102,air,Flying Serpent
2781,4,0,310,35,cave,Wyrm
2782,4,4,133,91,volcanoes,Dragon
2783,0,0,229,78,water,Serpent
2784,4,6,173,87,cave,Dragon
2785,0,0,249,78,air,Serpent
2786,4,4,139,69,cave,Dragon
2787,4,4,146,75,cave,Dragon
2788,4,2,221,62,water,Drake
2789,0,2,293,102,air,Flying Serpent
2790,0,0,230,55,water,Serpent
2791,2,2,191,63,desert,Drake
2792,0,2,281,110,air,Flying Serpent
2793,4,0,239,57,air,Serpent
2794,4,6,140,94,mountain,Dragon
2795,4,0,305,35,swamp,Wyrm
2796,4,4,136,69,volcanoes,Dragon
2797,2,2,115,205,volcanoes,Wyvern
2798,0,2,284,114,air,Flying Serpent
2799,4,2,216,66,water,Drake
2800,4,4,138,80,cave,Dragon
2801,4,2,125,82,cave,Dragon
2802,4,0,325,38,swamp,Wyrm
2803,2,4,143,206,volcanoes,Wyvern
2804,0,4,290,119,air,Flying Serpent
2805,4,2,200,71,water,Drake
2806,2,4,131,186,volcanoes,Wyvern
2807,4,0,340,40,swamp,Wyrm
2808,4,2,203,50,desert,Drake
2809,4,4,137,70,volcanoes,Dragon
2810,0,2,293,114,air,Flying Serpent
2811,4,0,315,45,swamp,Wyrm
2812,2,2,198,57,desert,Drake
2813,4,0,235,61,swamp,Serpent
2814,4,0,223,71,water,Serpent
2815,4,0,249,68,woods,Serpent
2816,4,2,185,69,water,Drake
2817,0,0,247,54,woods,Serpent
2818,2,2,203,67,volcanoes,Drake
2819,4,0,335,45,cave,Wyrm
2820,0,0,221,53,air,Serpent
2821,4,2,131,67,volcanoes,Dragon
2822,0,4,276,121,air,Flying Serpent
2823,2,2,133,181,volcanoes,Wyvern
2824,4,2,197,63,volcanoes,Drake
2825,2,2,196,65,desert,Drake
2826,0,4,292,114,air,Flying Serpent
2827,2,4,145,219,volcanoes,Wyvern
2828,2,4,137,210,volcanoes,Wyvern
2829,4,2,142,96,mountain,Dragon
2830,2,4,142,198,volcanoes,Wyvern
2831,2,4,122,175,volcanoes,Wyvern
2832,0,4,295,124,air,Flying Serpent
2833,2,2,198,69,water,Drake
2834,4,2,195,57,water,Drake
2835,4,0,227,52,woods,Serpent
2836,4,2,203,53,water,Drake
2837,4,0,233,63,woods,Serpent
2838,4,0,342,44,swamp,Wyrm
2839,0,2,256,116,air,Flying Serpent
2840,4,2,143,75,cave,Dragon
2841,0,4,280,110,air,Flying Serpent
2842,4,2,217,70,desert,Drake
2843,2,4,134,192,volcanoes,Wyvern
2844,4,0,217,66,air,Serpent
2845,0,4,310,114,air,Flying Serpent
2846,4,2,126,99,cave,Dragon
2847,4,0,216,56,air,Serpent
2848,4,4,143,69,mountain,Dragon
2849,2,2,147,191,volcanoes,Wyvern
2850,4,2,224,67,desert,Drake
2851,4,4,157,98,volcanoes,Dragon
2852,0,2,306,121,air,Flying Serpent
2853,0,4,300,108,air,Flying Serpent
2854,4,0,316,38,swamp,Wyrm
2855,4,0,295,42,cave,Wyrm
2856,0,4,287,117,air,Flying Serpent
2857,0,2,281,122,air,Flying Serpent
2858,4,0,296,46,cave,Wyrm
2859,4,0,339,35,swamp,Wyrm
2860,4,0,228,75,air,Serpent
2861,4,0,319,36,cave,Wyrm
2862,4,2,213,72,water,Drake
2863,4,2,154,79,mountain,Dragon
2864,2,2,187,50,desert,Drake
2865,4,0,307,40,cave,Wyrm
2866,2,4,138,178,volcanoes,Wyvern
2867,0,0,247,56,air,Serpent
2868,2,4,138,176,volcanoes,Wyvern
2869,4,4,164,84,cave,Dragon
2870,4,0,233,65,woods,Serpent
2871,4,6,172,86,mountain,Dragon
2872,2,2,187,59,volcanoes,Drake
2873,0,4,292,112,air,Flying Serpent
2874,4,0,321,40,cave,Wyrm
2875,2,2,145,222,volcanoes,Wyvern
2876,4,4,133,88,cave,Dragon
2877,4,4,158,85,mountain,Dragon
2878,4,2,190,67,volcanoes,Drake
2879,4,2,220,69,volcanoes,Drake
2880,4,0,338,39,swamp,Wyrm
2881,4,0,223,75,water,Serpent
2882,0,2,278,106,air,Flying Serpent
2883,4,2,137,70,volcanoes,Dragon
2884,2,2,146,214,volcanoes,Wyvern
2885,4,2,212,56,desert,Drake
2886,4,6,163,87,cave,Dragon
2887,0,4,271,107,air,Flying Serpent
2888,4,6,165,73,cave,Dragon
2889,4,2,210,74,volcanoes,Drake
2890,2,2,134,182,volcanoes,Wyvern
2891,4,0,295,47,swamp,Wyrm
2892,0,0,237,75,swamp,Serpent
2893,2,2,147,192,volcanoes,Wyvern
2894,0,0,224,70,air,Serpent
2895,2,2,210,72,desert,Drake
2896,4,0,332,42,swamp,Wyrm
2897,2,2,221,66,water,Drake
2898,2,4,130,175,volcanoes,Wyvern
2899,0,4,279,100,air,Flying Serpent
2900,2,2,204,70,volcanoes,Drake
2901,4,4,167,83,cave,Dragon
2902,2,2,140,180,volcanoes,Wyvern
2903,4,0,226,58,air,Serpent
2904,4,0,327,42,swamp,Wyrm
2905,0,2,269,116,air,Flying Serpent
2906,2,4,142,218,volcanoes,Wyvern
2907,2,2,119,182,volcanoes,Wyvern
2908,4,6,167,68,cave,Dragon
2909,0,4,276,112,air,Flying Serpent
2910,4,2,210,52,volcanoes,Drake
2911,0,4,300,109,air,Flying Serpent
2912,4,2,186,74,water,Drake
2913,4,2,191,66,desert,Drake
2914,2,4,124,182,volcanoes,Wyvern
2915,4,0,221,70,water,Serpent
2916,0,4,251,105,air,Flying Serpent
2917,4,0,339,44,cave,Wyrm
2918,0,4,311,109,air,Flying Serpent
2919,0,4,283,120,air,Flying Serpent
2920,4,2,195,54,desert,Drake
2921,4,2,167,93,mountain,Dragon
2922,4,2,129,85,volcanoes,Dragon
2923,0,2,309,99,air,Flying Serpent
2924,4,2,126,70,mountain,Dragon
2925,0,0,236,61,woods,Serpent
2926,4,0,317,45,cave,Wyrm
2927,2,2,208,60,water,Drake
2928,2,4,122,184,volcanoes,Wyvern
2929,4,2,188,73,volcanoes,Drake
2930,4,0,296,43,swamp,Wyrm
2931,4,0,337,44,cave,Wyrm
2932,4,0,311,49,swamp,Wyrm
2933,0,2,291,111,air,Flying Serpent
2934,0,4,303,117,air,Flying Serpent
2935,4,2,156,66,cave,Dragon
2936,4,2,147,65,mountain,Dragon
2937,4,6,148,74,cave,Dragon
2938,2,2,187,71,water,Drake
2939,2,4,130,179,volcanoes,Wyvern
2940,4,0,337,48,swamp,Wyrm
2941,2,2,189,72,water,Drake
2942,0,4,252,112,air,Flying Serpent
2943,4,2,203,65,desert,Drake
2944,4,2,126,91,mountain,Dragon
2945,0,0,221,65,woods,Serpent
2946,4,4,173,83,volcanoes,Dragon
2947,4,6,152,98,mountain,Dragon
2948,4,0,221,58,air,Serpent
2949,4,0,319,46,cave,Wyrm
2950,0,2,261,116,air,Flying Serpent
2951,4,0,344,41,cave,Wyrm
2952,4,0,320,49,swamp,Wyrm
2953,2,2,196,60,desert,Drake
2954,2,2,129,179,volcanoes,Wyvern
2955,2,2,131,189,volcanoes,Wyvern
2956,0,0,247,68,air,Serpent
2957,0,4,306,116,air,Flying Serpent
2958,4,2,187,54,desert,Drake
2959,0,0,229,72,woods,Serpent
2960,2,2,136,211,volcanoes,Wyvern
2961,4,4,134,87,cave,Dragon
2962,0,0,229,64,woods,Serpent
2963,4,0,338,39,cave,Wyrm
2964,4,2,186,51,desert,Drake
2965,4,0,330,48,cave,Wyrm
2966,4,0,215,71,air,Serpent
2967,4,0,326,40,swamp,Wyrm
2968,4,2,125,71,volcanoes,Dragon
2969,4,4,149,74,cave,Dragon
2970,4,0,303,43,swamp,Wyrm
2971,2,4,142,218,volcanoes,Wyvern
2972,0,0,220,60,woods,Serpent
2973,0,4,291,108,air,Flying Serpent
2974,4,2,187,52,volcanoes,Drake
2975,4,2,167,73,volcanoes,Dragon
2976,0,0,246,67,air,Serpent
2977,0,4,313,116,air,Flying Serpent
2978,4,6,145,97,mountain,Dragon
2979,0,0,229,50,water,Serpent
2980,4,0,244,77,woods,Serpent
2981,0,2,298,100,air,Flying Serpent
2982,0,4,283,115,air,Flying Serpent
2983,4,0,216,58,woods,Serpent
2984,2,4,135,208,volcanoes,Wyvern
2985,4,0,323,47,cave,Wyrm
2986,4,4,141,98,mountain,Dragon
2987,0,4,268,107,air,Flying Serpent
2988,0,0,247,52,woods,Serpent
2989,0,0,239,58,swamp,Serpent
2990,4,2,203,57,desert,Drake
2991,4,2,213,69,desert,Drake
2992,0,4,291,118,air,Flying Serpent
2993,4,6,135,71,mountain,Dragon
2994,2,2,219,62,water,Drake
2995,4,0,328,45,cave,Wyrm
2996,4,4,138,88,mountain,Dragon
2997,4,2,224,56,desert,Drake
2998,4,0,300,38,cave,Wyrm
2999,2,4,140,175,volcanoes,Wyvern
3000,0,0,235,78,woods,Serpent
3001,4,0,304,46,swamp,Wyrm
3002,4,2,210,71,water,Drake
3003,4,4,142,73,volcanoes,Dragon
3004,0,0,241,76,air,Serpent
3005,0,0,216,60,water,Serpent
3006,4,4,139,91,cave,Dragon
3007,2,2,201,60,water,Drake
3008,4,2,208,51,water,Drake
3009,2,2,142,213,volcanoes,Wyvern
3010,0,2,294,102,air,Flying Serpent
3011,4,2,185,68,water,Drake
3012,4,0,311,48,swamp,Wyrm
3013,0,2,281,112,air,Flying Serpent
3014,4,4,137,67,cave,Dragon
3015,4,0,298,37,swamp,Wyrm
3016,0,0,220,71,woods,Serpent
3017,2,4,141,217,volcanoes,Wyvern
3018,4,2,143,88,mountain,Dragon
3019,4,0,304,41,cave,Wyrm
3020,2,4,130,218,volcanoes,Wyvern
3021,0,0,234,62,water,Serpent
3022,4,0,295,39,swamp,Wyrm
3023,0,2,270,106,air,Flying Serpent
3024,4,0,313,48,swamp,Wyrm
3025,0,0,241,56,air,Serpent
3026,0,0,236,70,water,Serpent
3027,0,0,242,53,swamp,Serpent
3028,0,2,313,123,air,Flying Serpent
3029,0,2,271,103,air,Flying Serpent
3030,4,2,165,86,cave,Dragon
3031,4,2,198,68,water,Drake
3032,2,4,146,190,volcanoes,Wyvern
3033,2,2,133,191,volcanoes,Wyvern
3034,4,2,134,77,mountain,Dragon
3035,2,2,205,56,desert,Drake
3036,2,4,147,223,volcanoes,Wyvern
3037,0,2,261,114,air,Flying Serpent
3038,4,0,322,49,cave,Wyrm
3039,0,4,250,109,air,Flying Serpent
3040,0,0,234,65,water,Serpent
3041,2,2,215,66,desert,Drake
3042,0,0,222,72,water,Serpent
3043,4,0,298,38,cave,Wyrm
3044,4,2,202,72,volcanoes,Drake
3045,2,4,121,208,volcanoes,Wyvern
3046,0,4,266,101,air,Flying Serpent
3047,2,2,142,175,volcanoes,Wyvern
3048,4,6,145,80,cave,Dragon
3049,0,4,293,101,air,Flying Serpent
3050,4,2,132,94,mountain,Dragon
3051,0,4,281,107,air,Flying Serpent
3052,4,0,330,39,swamp,Wyrm
3053,4,6,134,66,mountain,Dragon
3054,4,0,308,41,swamp,Wyrm
3055,2,2,142,190,volcanoes,Wyvern
3056,4,0,331,46,cave,Wyrm
3057,2,2,210,74,volcanoes,Drake
3058,2,2,145,203,volcanoes,Wyvern
3059,0,2,251,119,air,Flying Serpent
3060,0,2,297,108,air,Flying Serpent
